# This file uses centimeters as units for non-parametric coordinates.

mtllib Door_LP.mtl
g default
v -1.084970 1.599572 0.187818
v -0.798493 1.599572 0.187818
v -1.084970 2.288984 0.187818
v -0.798493 2.288984 0.187818
v -0.870112 2.288984 0.187818
v -0.870112 1.599572 0.187818
v -0.941731 2.288984 0.187818
v -0.941731 1.599572 0.187818
v -1.013351 2.288984 0.187818
v -1.013351 1.599572 0.187818
v -1.084970 1.944278 0.187818
v -1.013351 1.944278 0.187818
v -0.941731 1.944278 0.187818
v -0.870112 1.944278 0.187818
v -0.798493 1.944278 0.187818
v -1.084970 1.840867 0.187818
v -1.013351 1.840867 0.187818
v -0.941731 1.840867 0.187818
v -0.870112 1.840867 0.187818
v -0.798493 1.840867 0.187818
v -1.084970 1.774752 0.187818
v -1.013351 1.774752 0.187818
v -0.870112 1.774752 0.187818
v -0.798493 1.774752 0.187818
v -1.084970 1.933937 0.187818
v -1.013351 1.933937 0.187818
v -0.941731 1.933937 0.187818
v -0.870112 1.933937 0.187818
v -0.798493 1.933937 0.187818
v -0.977541 2.288984 0.187818
v -0.977541 1.944278 0.187818
v -0.977541 1.933937 0.187818
v -0.977541 1.840867 0.187818
v -0.963957 1.774752 0.187818
v -0.977541 1.599572 0.187818
v -0.913084 2.288984 0.187818
v -0.913084 1.944278 0.187818
v -0.913084 1.933937 0.187818
v -0.913084 1.840867 0.187818
v -0.926177 1.774752 0.187818
v -0.913084 1.599572 0.187818
v -1.084970 1.802260 0.187818
v -1.013351 1.802260 0.187818
v -0.955230 1.796458 0.187818
v -0.942544 1.798927 0.187818
v -0.933747 1.797110 0.187818
v -0.870112 1.802260 0.187818
v -0.798493 1.802260 0.187818
v -1.084970 1.783985 0.187818
v -1.013351 1.783985 0.187818
v -0.965157 1.783985 0.187818
v -0.924746 1.783985 0.187818
v -0.870112 1.783985 0.187818
v -0.798493 1.783985 0.187818
v -1.084970 1.770207 0.187818
v -1.013351 1.770207 0.187818
v -0.961268 1.770207 0.187818
v -0.929791 1.768602 0.187818
v -0.870112 1.770207 0.187818
v -0.798493 1.770207 0.187818
v -1.084970 1.762752 0.187818
v -1.013351 1.762752 0.187818
v -0.950530 1.762752 0.187818
v -0.936753 1.762752 0.187818
v -0.870112 1.762752 0.187818
v -0.798493 1.762752 0.187818
v -1.084970 1.640110 0.187818
v -1.013351 1.640110 0.187818
v -0.977541 1.640110 0.187818
v -0.941731 1.640110 0.187818
v -0.913084 1.640110 0.187818
v -0.870112 1.640110 0.187818
v -0.798493 1.640110 0.187818
v -0.870112 1.944278 0.218741
v -0.798493 1.944278 0.218741
v -0.798493 2.288984 0.218741
v -0.870112 2.288984 0.218741
v -0.913084 2.288984 0.218741
v -0.913084 1.944278 0.218741
v -0.977541 2.288984 0.218741
v -0.977541 1.944278 0.218741
v -0.941731 1.944278 0.218741
v -0.941731 2.288984 0.218741
v -1.084970 1.944278 0.218741
v -1.013351 1.944278 0.218741
v -1.013351 2.288984 0.218741
v -1.084970 2.288984 0.218741
v -1.084970 1.933937 0.218741
v -1.013351 1.933937 0.218741
v -0.977541 1.933937 0.218741
v -0.941731 1.933937 0.218741
v -0.913084 1.933937 0.218741
v -0.870112 1.933937 0.218741
v -0.798493 1.933937 0.218741
v -1.084970 1.802260 0.218741
v -1.013351 1.802260 0.218741
v -1.013351 1.840867 0.218741
v -1.084970 1.840867 0.218741
v -0.977541 1.840867 0.218741
v -0.955230 1.796458 0.218741
v -0.942544 1.798927 0.218741
v -0.941731 1.840867 0.218741
v -0.913084 1.840867 0.218741
v -0.933747 1.797110 0.218741
v -0.870112 1.802260 0.218741
v -0.870112 1.840867 0.218741
v -0.798493 1.802260 0.218741
v -0.798493 1.840867 0.218741
v -1.084970 1.770207 0.218741
v -1.013351 1.770207 0.218741
v -1.013351 1.774752 0.218741
v -1.084970 1.774752 0.218741
v -0.926177 1.774752 0.218741
v -0.929791 1.768602 0.218741
v -0.870112 1.770207 0.218741
v -0.870112 1.774752 0.218741
v -0.798493 1.770207 0.218741
v -0.798493 1.774752 0.218741
v -0.961268 1.770207 0.218741
v -0.963957 1.774752 0.218741
v -1.084970 1.783985 0.218741
v -1.013351 1.783985 0.218741
v -0.965157 1.783985 0.218741
v -0.924746 1.783985 0.218741
v -0.870112 1.783985 0.218741
v -0.798493 1.783985 0.218741
v -1.084970 1.762752 0.218741
v -1.013351 1.762752 0.218741
v -0.950530 1.762752 0.218741
v -0.936753 1.762752 0.218741
v -0.870112 1.762752 0.218741
v -0.798493 1.762752 0.218741
v -1.084970 1.640110 0.218741
v -1.013351 1.640110 0.218741
v -0.977541 1.640110 0.218741
v -0.913084 1.640110 0.218741
v -0.870112 1.640110 0.218741
v -0.798493 1.640110 0.218741
v -1.084970 1.599572 0.218741
v -1.013351 1.599572 0.218741
v -0.977541 1.599572 0.218741
v -0.941731 1.640110 0.218741
v -0.941731 1.599572 0.218741
v -0.913084 1.599572 0.218741
v -0.870112 1.599572 0.218741
v -0.798493 1.599572 0.218741
v -1.081670 2.288984 0.218741
v -1.081670 2.288984 0.187818
v -1.081670 1.944278 0.187818
v -1.081670 1.933937 0.187818
v -1.081670 1.840867 0.187818
v -1.081670 1.802260 0.187818
v -1.081670 1.783985 0.187818
v -1.081670 1.774752 0.187818
v -1.081670 1.770207 0.187818
v -1.081670 1.762752 0.187818
v -1.081670 1.640110 0.187818
v -1.081670 1.599572 0.187818
v -1.081670 1.599572 0.218741
v -1.081670 1.640110 0.218741
v -1.081670 1.762752 0.218741
v -1.081670 1.770207 0.218741
v -1.081670 1.774752 0.218741
v -1.081670 1.783985 0.218741
v -1.081670 1.802260 0.218741
v -1.081670 1.840867 0.218741
v -1.081670 1.933937 0.218741
v -1.081670 1.944278 0.218741
v -0.802660 2.288984 0.218741
v -0.802660 2.288984 0.187818
v -0.802660 1.944278 0.187818
v -0.802660 1.933937 0.187818
v -0.802660 1.840867 0.187818
v -0.802660 1.802260 0.187818
v -0.802660 1.783985 0.187818
v -0.802660 1.774752 0.187818
v -0.802660 1.770207 0.187818
v -0.802660 1.762752 0.187818
v -0.802660 1.640110 0.187818
v -0.802660 1.599572 0.187818
v -0.802660 1.599572 0.218741
v -0.802660 1.640110 0.218741
v -0.802660 1.762752 0.218741
v -0.802660 1.770207 0.218741
v -0.802660 1.774752 0.218741
v -0.802660 1.783985 0.218741
v -0.802660 1.802260 0.218741
v -0.802660 1.840867 0.218741
v -0.802660 1.933937 0.218741
v -0.802660 1.944278 0.218741
v -0.870112 2.281757 0.218741
v -0.802660 2.281757 0.218741
v -0.798493 2.281757 0.218741
v -0.798493 2.281757 0.187818
v -0.802660 2.281757 0.187818
v -0.870112 2.281757 0.187818
v -0.913084 2.281757 0.187818
v -0.941731 2.281757 0.187818
v -0.977541 2.281757 0.187818
v -1.013351 2.281757 0.187818
v -1.081669 2.281757 0.187818
v -1.084970 2.281757 0.187818
v -1.084970 2.281757 0.218741
v -1.081670 2.281757 0.218741
v -1.013351 2.281757 0.218741
v -0.977541 2.281757 0.218741
v -0.941731 2.281757 0.218741
v -0.913084 2.281757 0.218741
v -1.013351 1.603270 0.218741
v -0.977541 1.603270 0.218741
v -0.941731 1.603270 0.218741
v -0.913084 1.603270 0.218741
v -0.870112 1.603270 0.218741
v -0.802660 1.603270 0.218741
v -0.798493 1.603270 0.218741
v -0.798493 1.603270 0.187818
v -0.802660 1.603270 0.187818
v -0.870112 1.603270 0.187818
v -0.913084 1.603270 0.187818
v -0.941731 1.603270 0.187818
v -0.977541 1.603270 0.187818
v -1.013351 1.603270 0.187818
v -1.081670 1.603270 0.187818
v -1.084970 1.603270 0.187818
v -1.084970 1.603270 0.218741
v -1.081670 1.603270 0.218741
v -0.953040 1.762752 0.218741
v -0.963348 1.770207 0.218741
v -0.965930 1.774752 0.218741
v -0.967082 1.783985 0.218741
v -0.957551 1.796689 0.218741
v -0.978971 1.840867 0.218741
v -0.978971 1.933937 0.218741
v -0.978971 1.944278 0.218741
v -0.978971 2.281757 0.218741
v -0.978971 2.288984 0.218741
v -0.978971 2.288984 0.187818
v -0.978971 2.281757 0.187818
v -0.978971 1.944278 0.187818
v -0.978971 1.933937 0.187818
v -0.978971 1.840867 0.187818
v -0.957551 1.796689 0.187818
v -0.967082 1.783985 0.187818
v -0.965930 1.774752 0.187818
v -0.963348 1.770207 0.187818
v -0.953040 1.762752 0.187818
v -0.978971 1.640110 0.187818
v -0.978971 1.603270 0.187818
v -0.978971 1.599572 0.187818
v -0.978971 1.599572 0.218741
v -0.978971 1.603270 0.218741
v -0.978971 1.640110 0.218741
v -0.933087 1.762752 0.218741
v -0.926507 1.768690 0.218741
v -0.923092 1.774752 0.218741
v -0.921740 1.783985 0.218741
v -0.930246 1.797393 0.218741
v -0.910720 1.840867 0.218741
v -0.910720 1.933937 0.218741
v -0.910720 1.944278 0.218741
v -0.910720 2.281757 0.218741
v -0.910720 2.288984 0.218741
v -0.910720 2.288984 0.187818
v -0.910720 2.281757 0.187818
v -0.910720 1.944278 0.187818
v -0.910720 1.933937 0.187818
v -0.910720 1.840867 0.187818
v -0.930246 1.797393 0.187818
v -0.921740 1.783985 0.187818
v -0.923092 1.774752 0.187818
v -0.926507 1.768690 0.187818
v -0.933087 1.762752 0.187818
v -0.910720 1.640110 0.187818
v -0.910720 1.603270 0.187818
v -0.910720 1.599572 0.187818
v -0.910720 1.599572 0.218741
v -0.910720 1.603270 0.218741
v -0.910720 1.640110 0.218741
v -0.929791 1.768602 0.215292
v -0.926177 1.774752 0.215292
v -0.924746 1.783985 0.215292
v -0.933747 1.797110 0.215292
v -0.942544 1.798927 0.215292
v -0.955230 1.796458 0.215292
v -0.965157 1.783985 0.215292
v -0.963957 1.774752 0.215292
v -0.961268 1.770207 0.215292
v -0.950530 1.762752 0.215292
v -0.977541 1.640110 0.215292
v -0.941731 1.640110 0.215292
v -0.913084 1.640110 0.215292
v -0.936753 1.762752 0.215292
v -0.929791 1.768602 0.191779
v -0.926177 1.774752 0.191779
v -0.924746 1.783985 0.191779
v -0.933747 1.797110 0.191779
v -0.942544 1.798927 0.191779
v -0.955230 1.796458 0.191779
v -0.965157 1.783985 0.191779
v -0.963957 1.774752 0.191779
v -0.961268 1.770207 0.191779
v -0.950530 1.762752 0.191779
v -0.977541 1.640110 0.191779
v -0.941731 1.640110 0.191779
v -0.913084 1.640110 0.191779
v -0.936753 1.762752 0.191779
vt 0.892111 0.048495
vt 0.892125 0.057720
vt 0.891136 0.057722
vt 0.673317 0.032451
vt 0.673007 0.038352
vt 0.892084 0.042618
vt 0.892088 0.042942
vt 0.673023 0.038028
vt 0.672557 0.047181
vt 0.892079 0.033804
vt 0.892088 0.038700
vt 0.891099 0.038698
vt 0.892104 0.019117
vt 0.892084 0.019568
vt 0.891096 0.019503
vt 0.675739 0.066379
vt 0.724945 0.069154
vt 0.939648 0.019529
vt 0.938224 0.019528
vt 0.723448 0.069063
vt 0.938239 0.033770
vt 0.939650 0.033775
vt 0.939672 0.038671
vt 0.938254 0.038666
vt 0.938231 0.042583
vt 0.939641 0.042587
vt 0.939644 0.042910
vt 0.938233 0.042906
vt 0.939649 0.048463
vt 0.939633 0.057691
vt 0.938221 0.057685
vt 0.938238 0.048460
vt 0.744656 0.070134
vt 0.957687 0.019602
vt 0.952407 0.019559
vt 0.952424 0.019108
vt 0.952376 0.033807
vt 0.860978 0.077034
vt 0.861038 0.078036
vt 0.952433 0.038695
vt 0.952367 0.042604
vt 0.860800 0.078671
vt 0.958358 0.040300
vt 0.952363 0.042928
vt 0.957609 0.048491
vt 0.957611 0.057706
vt 0.952339 0.057714
vt 0.952348 0.048490
vt 0.749993 0.070039
vt 0.219796 0.094320
vt 0.219796 0.094941
vt 0.219345 0.094941
vt 0.858836 0.079505
vt 0.858202 0.079373
vt 0.241010 0.094116
vt 0.961448 0.041339
vt 0.248721 0.094324
vt 0.257943 0.094325
vt 0.961365 0.057698
vt 0.961369 0.048534
vt 0.892089 0.028907
vt 0.892074 0.033608
vt 0.672548 0.047377
vt 0.672300 0.052078
vt 0.939663 0.028877
vt 0.939646 0.033579
vt 0.938234 0.033574
vt 0.938250 0.028872
vt 0.952381 0.028904
vt 0.952372 0.033612
vt 0.957646 0.028930
vt 0.958457 0.036528
vt 0.229137 0.094321
vt 0.235973 0.094322
vt 0.235620 0.094944
vt 0.229137 0.094943
vt 0.747673 0.070138
vt 0.960180 0.019629
vt 0.960147 0.028910
vt 0.960186 0.035205
vt 0.859657 0.079418
vt 0.960182 0.041495
vt 0.960107 0.048527
vt 0.960103 0.057702
vt 0.751259 0.069964
vt 0.219796 0.093301
vt 0.229137 0.093302
vt 0.237383 0.093303
vt 0.857430 0.078988
vt 0.240111 0.093304
vt 0.248721 0.093305
vt 0.257943 0.093306
vt 0.769543 0.066302
vt 0.219798 0.076533
vt 0.229139 0.076534
vt 0.233840 0.076535
vt 0.243171 0.076536
vt 0.844318 0.079132
vt 0.248723 0.076537
vt 0.257946 0.076538
vt 0.219348 0.071496
vt 0.219799 0.071496
vt 0.229140 0.071497
vt 0.233840 0.071498
vt 0.844013 0.076486
vt 0.845007 0.073051
vt 0.234036 0.071498
vt 0.238932 0.071498
vt 0.242849 0.071499
vt 0.243172 0.071499
vt 0.248724 0.071500
vt 0.257946 0.071501
vt 0.678537 0.032773
vt 0.677549 0.032712
vt 0.678086 0.023448
vt 0.679073 0.023511
vt 0.677242 0.038609
vt 0.677258 0.038285
vt 0.678247 0.038344
vt 0.678233 0.038668
vt 0.676795 0.047438
vt 0.677045 0.042535
vt 0.678035 0.042594
vt 0.677786 0.047497
vt 0.676986 0.062205
vt 0.675992 0.062144
vt 0.676018 0.061692
vt 0.677012 0.061753
vt 0.725181 0.064910
vt 0.723691 0.064824
vt 0.723712 0.064372
vt 0.725204 0.064457
vt 0.724239 0.050075
vt 0.724349 0.045168
vt 0.725784 0.045239
vt 0.725686 0.050139
vt 0.724416 0.041240
vt 0.724422 0.040915
vt 0.725828 0.040988
vt 0.725825 0.041311
vt 0.725890 0.035404
vt 0.724520 0.035335
vt 0.724782 0.026050
vt 0.726118 0.026102
vt 0.744503 0.065858
vt 0.738694 0.065613
vt 0.738697 0.065154
vt 0.744482 0.065395
vt 0.738808 0.050490
vt 0.738713 0.045558
vt 0.863783 0.078733
vt 0.745060 0.047299
vt 0.738531 0.041626
vt 0.738515 0.041301
vt 0.744620 0.043863
vt 0.863147 0.080165
vt 0.743255 0.035590
vt 0.738231 0.035700
vt 0.737998 0.026409
vt 0.742840 0.026301
vt 0.749472 0.065869
vt 0.748754 0.065891
vt 0.748701 0.065445
vt 0.749411 0.065431
vt 0.859899 0.082460
vt 0.747546 0.042623
vt 0.748404 0.042996
vt 0.858809 0.082630
vt 0.747395 0.035307
vt 0.746810 0.035353
vt 0.746288 0.026101
vt 0.746860 0.026058
vt 0.677532 0.052400
vt 0.676541 0.052339
vt 0.676786 0.047634
vt 0.677777 0.047693
vt 0.725556 0.055052
vt 0.724098 0.054985
vt 0.724234 0.050272
vt 0.725682 0.050335
vt 0.738687 0.055522
vt 0.738800 0.050689
vt 0.744064 0.055762
vt 0.745054 0.047625
vt 0.748456 0.056399
vt 0.747825 0.056241
vt 0.748266 0.049963
vt 0.748986 0.050133
vt 0.747313 0.065905
vt 0.747272 0.065448
vt 0.746557 0.056037
vt 0.746890 0.049080
vt 0.746300 0.042562
vt 0.861300 0.081924
vt 0.745620 0.035441
vt 0.745129 0.026180
vt 0.750655 0.065811
vt 0.750593 0.065377
vt 0.749508 0.056627
vt 0.750225 0.049845
vt 0.749299 0.043784
vt 0.857466 0.082660
vt 0.748354 0.035221
vt 0.747800 0.025974
vt 0.768575 0.062188
vt 0.768468 0.061748
vt 0.766784 0.052532
vt 0.765987 0.047838
vt 0.764903 0.038587
vt 0.842526 0.081673
vt 0.764391 0.033106
vt 0.763522 0.024035
vt 0.773685 0.060952
vt 0.773588 0.060515
vt 0.771774 0.051501
vt 0.770979 0.046985
vt 0.840821 0.076466
vt 0.770379 0.042017
vt 0.770966 0.046791
vt 0.765943 0.047630
vt 0.769903 0.038184
vt 0.769868 0.037865
vt 0.769301 0.032423
vt 0.768406 0.023403
vt 0.679107 0.022940
vt 0.678121 0.022877
vt 0.891138 0.058290
vt 0.679371 0.018700
vt 0.726140 0.025531
vt 0.724811 0.025477
vt 0.938225 0.058254
vt 0.939642 0.058260
vt 0.863362 0.078607
vt 0.863412 0.076568
vt 0.742832 0.025728
vt 0.738005 0.025834
vt 0.952355 0.058283
vt 0.957623 0.058275
vt 0.858750 0.082181
vt 0.859767 0.082031
vt 0.746832 0.025487
vt 0.746264 0.025529
vt 0.961370 0.058267
vt 0.258513 0.094325
vt 0.749030 0.049908
vt 0.748327 0.049680
vt 0.861590 0.072935
vt 0.860987 0.072246
vt 0.862803 0.079892
vt 0.746873 0.048600
vt 0.862468 0.074248
vt 0.861065 0.081549
vt 0.745111 0.025608
vt 0.960111 0.058271
vt 0.750149 0.049676
vt 0.859211 0.070878
vt 0.857480 0.082203
vt 0.747765 0.025406
vt 0.258513 0.093306
vt 0.843499 0.070840
vt 0.842744 0.081291
vt 0.763474 0.023470
vt 0.258516 0.076538
vt 0.774197 0.060825
vt 0.774097 0.060393
vt 0.219799 0.070990
vt 0.219348 0.070990
vt 0.772271 0.051380
vt 0.771488 0.046884
vt 0.233841 0.070992
vt 0.229140 0.070991
vt 0.841260 0.076476
vt 0.771462 0.046693
vt 0.770873 0.041929
vt 0.238932 0.070993
vt 0.234036 0.070992
vt 0.770400 0.038105
vt 0.242849 0.070993
vt 0.770362 0.037788
vt 0.243172 0.070993
vt 0.769796 0.032352
vt 0.768900 0.023335
vt 0.257947 0.070995
vt 0.248724 0.070994
vt 0.768353 0.022841
vt 0.767967 0.018669
vt 0.768844 0.022776
vt 0.258516 0.070996
vt 0.858069 0.073743
vt 0.859222 0.074437
vt 0.859557 0.074862
vt 0.859895 0.075914
vt 0.858915 0.079816
vt 0.858214 0.079724
vt 0.859820 0.079681
vt 0.861049 0.078850
vt 0.861340 0.078089
vt 0.861265 0.076914
vt 0.860285 0.075597
vt 0.859823 0.074630
vt 0.859408 0.074166
vt 0.858105 0.073367
vt 0.844890 0.072732
vt 0.843623 0.076467
vt 0.844173 0.079415
vt 0.857379 0.079440
vt 0.774523 0.037009
vt 0.773944 0.031725
vt 0.891100 0.042944
vt 0.891122 0.048494
vt 0.775642 0.045928
vt 0.775632 0.045744
vt 0.891087 0.033605
vt 0.891089 0.033803
vt 0.774667 0.065012
vt 0.219347 0.076533
vt 0.258516 0.071501
vt 0.763091 0.019272
vt 0.671771 0.061428
vt 0.891095 0.019578
vt 0.676729 0.066440
vt 0.891121 0.019050
vt 0.892124 0.058289
vt 0.673892 0.022612
vt 0.773051 0.022746
vt 0.768470 0.018612
vt 0.673855 0.023183
vt 0.778304 0.059270
vt 0.776410 0.050369
vt 0.891101 0.028903
vt 0.774552 0.037315
vt 0.238931 0.076535
vt 0.242848 0.076536
vt 0.774996 0.041056
vt 0.234035 0.076535
vt 0.778423 0.059707
vt 0.747553 0.021170
vt 0.239610 0.093304
vt 0.237726 0.093303
vt 0.219345 0.093301
vt 0.746666 0.021249
vt 0.240562 0.094103
vt 0.236258 0.094322
vt 0.219345 0.094320
vt 0.746123 0.021292
vt 0.745018 0.021371
vt 0.960192 0.041086
vt 0.961464 0.040919
vt 0.235726 0.096206
vt 0.235890 0.094944
vt 0.749226 0.070086
vt 0.960188 0.019178
vt 0.742821 0.021485
vt 0.958418 0.039817
vt 0.958501 0.036849
vt 0.957702 0.019152
vt 0.958172 0.038600
vt 0.672808 0.042279
vt 0.891097 0.042619
vt 0.738126 0.021578
vt 0.726374 0.021283
vt 0.738580 0.069890
vt 0.939659 0.019077
vt 0.725046 0.021232
vt 0.938228 0.019076
vt 0.765432 0.042734
vt 0.764938 0.038906
vt 0.843293 0.070452
vt 0.749380 0.044269
vt 0.859291 0.070432
vt 0.748464 0.043448
vt 0.861266 0.071888
vt 0.746337 0.042986
vt 0.747585 0.043055
vt 0.862879 0.074060
vt 0.861942 0.072649
vt 0.744573 0.045563
vt 0.744708 0.044353
vt 0.863852 0.076531
vt 0.241477 0.094944
vt 0.248721 0.094945
vt 0.235463 0.096206
vt 0.960186 0.035469
vt 0.257943 0.094947
vt 0.258513 0.094947
vt 0.219796 0.096204
vt 0.229137 0.096205
vt 0.219344 0.096204
vt 0.241056 0.094944
vt 0.772979 0.022180
vt 0.775159 0.064878
vt 0.671742 0.061880
vt 0.678382 0.018636
vn 0.000000 -0.000000 1.000000
vn 0.000000 -0.000000 1.000000
vn 0.000000 -0.000000 1.000000
vn 0.000000 -0.000000 1.000000
vn 0.000000 -0.000000 1.000000
vn 0.000000 -0.000000 1.000000
vn 0.000000 -0.000000 1.000000
vn 0.000000 -0.000000 1.000000
vn 0.000000 -0.000000 1.000000
vn 0.000000 -0.000000 1.000000
vn 0.000000 -0.000000 1.000000
vn 0.000000 -0.000000 1.000000
vn 0.000000 -0.000000 1.000000
vn 0.000000 -0.000000 1.000000
vn 0.000000 -0.000000 1.000000
vn 0.000000 -0.000000 1.000000
vn 0.000000 -0.000000 1.000000
vn 0.000000 -0.000000 1.000000
vn 0.000000 -0.000000 1.000000
vn 0.000000 -0.000000 1.000000
vn 0.000000 -0.000000 1.000000
vn 0.000000 -0.000000 1.000000
vn 0.000000 -0.000000 1.000000
vn 0.000000 -0.000000 1.000000
vn 0.000000 -0.000000 1.000000
vn 0.000000 -0.000000 1.000000
vn 0.000000 -0.000000 1.000000
vn 0.000000 -0.000000 1.000000
vn 0.000000 -0.000000 1.000000
vn 0.000000 -0.000000 1.000000
vn 0.000000 -0.000000 1.000000
vn 0.000000 -0.000000 1.000000
vn 0.000000 -0.000000 1.000000
vn 0.000000 -0.000000 1.000000
vn 0.000000 -0.000000 1.000000
vn 0.000000 -0.000000 1.000000
vn 0.000000 0.000000 1.000000
vn 0.000000 0.000000 1.000000
vn 0.000000 -0.000000 1.000000
vn 0.000000 -0.000000 1.000000
vn 0.000000 -0.000000 1.000000
vn 0.000000 -0.000000 1.000000
vn 0.000000 -0.000000 1.000000
vn 0.000000 -0.000000 1.000000
vn 0.000000 -0.000000 1.000000
vn 0.000000 -0.000000 1.000000
vn 0.000000 -0.000000 1.000000
vn 0.000000 -0.000000 1.000000
vn 0.000000 -0.000000 1.000000
vn 0.000000 -0.000000 1.000000
vn 0.000000 -0.000000 1.000000
vn 0.000000 -0.000000 1.000000
vn 0.000000 0.000000 1.000000
vn 0.000000 0.000001 1.000000
vn 0.000000 0.000000 1.000000
vn 0.000000 0.000000 1.000000
vn 0.000000 -0.000000 1.000000
vn 0.000000 -0.000000 1.000000
vn 0.000000 -0.000000 1.000000
vn 0.000000 -0.000000 1.000000
vn 0.000000 -0.000000 1.000000
vn 0.000000 -0.000000 1.000000
vn 0.000000 -0.000000 1.000000
vn 0.000000 -0.000000 1.000000
vn 0.000000 -0.000000 1.000000
vn 0.000000 -0.000000 1.000000
vn 0.000000 -0.000000 1.000000
vn 0.000000 -0.000000 1.000000
vn 0.000000 -0.000000 1.000000
vn 0.000000 -0.000000 1.000000
vn 0.000000 0.000000 1.000000
vn 0.000000 0.000000 1.000000
vn 0.000000 -0.000000 1.000000
vn 0.000000 -0.000000 1.000000
vn 0.000000 -0.000000 1.000000
vn 0.000000 -0.000000 1.000000
vn 0.000000 -0.000000 1.000000
vn 0.000000 -0.000000 1.000000
vn 0.000000 0.000000 1.000000
vn 0.000000 0.000000 1.000000
vn 0.000000 0.000000 1.000000
vn 0.000000 0.000000 1.000000
vn 0.000000 -0.000000 1.000000
vn 0.000000 -0.000000 1.000000
vn 0.000000 -0.000000 1.000000
vn 0.000000 -0.000000 1.000000
vn 0.000000 -0.000000 1.000000
vn 0.000000 0.000000 1.000000
vn 0.000000 -0.000000 1.000000
vn 0.000000 0.000000 1.000000
vn 0.000000 0.000000 1.000000
vn 0.000000 -0.000000 1.000000
vn 0.000000 -0.000000 1.000000
vn 0.000000 -0.000000 1.000000
vn 0.000000 -0.000000 1.000000
vn 0.000000 0.000000 1.000000
vn 0.000000 0.000000 1.000000
vn 0.000000 -0.000000 1.000000
vn 0.000000 0.000000 1.000000
vn 0.000000 -0.000000 1.000000
vn 0.000000 -0.000000 1.000000
vn 0.000000 -0.000000 1.000000
vn 0.000000 -0.000000 1.000000
vn 0.000000 -0.000000 1.000000
vn 0.000000 -0.000000 1.000000
vn 0.000000 0.000000 1.000000
vn 0.000000 -0.000000 1.000000
vn 0.000000 -0.000000 1.000000
vn 0.000000 -0.000000 1.000000
vn 0.000000 -0.000000 1.000000
vn 0.000000 -0.000000 1.000000
vn 0.000000 -0.000000 1.000000
vn 0.000000 0.000000 -1.000000
vn 0.000000 0.000000 -1.000000
vn 0.000000 0.000000 -1.000000
vn 0.000000 0.000000 -1.000000
vn 0.000000 0.000000 -1.000000
vn 0.000000 0.000000 -1.000000
vn 0.000000 0.000000 -1.000000
vn 0.000000 0.000000 -1.000000
vn 0.000000 0.000000 -1.000000
vn 0.000000 0.000000 -1.000000
vn 0.000000 0.000000 -1.000000
vn 0.000000 0.000000 -1.000000
vn 0.000000 0.000000 -1.000000
vn 0.000000 0.000000 -1.000000
vn 0.000000 0.000000 -1.000000
vn 0.000000 0.000000 -1.000000
vn 0.000000 0.000000 -1.000000
vn 0.000000 0.000000 -1.000000
vn 0.000000 0.000000 -1.000000
vn 0.000000 0.000000 -1.000000
vn 0.000000 0.000000 -1.000000
vn 0.000000 0.000000 -1.000000
vn 0.000000 0.000000 -1.000000
vn 0.000000 0.000000 -1.000000
vn 0.000000 0.000000 -1.000000
vn 0.000000 0.000000 -1.000000
vn 0.000000 0.000000 -1.000000
vn 0.000000 0.000000 -1.000000
vn 0.000000 0.000000 -1.000000
vn 0.000000 0.000000 -1.000000
vn 0.000000 0.000000 -1.000000
vn 0.000000 0.000000 -1.000000
vn 0.000000 0.000000 -1.000000
vn 0.000000 0.000000 -1.000000
vn 0.000000 0.000000 -1.000000
vn 0.000000 0.000000 -1.000000
vn 0.000000 0.000000 -1.000000
vn 0.000000 0.000000 -1.000000
vn 0.000000 0.000000 -1.000000
vn 0.000000 0.000000 -1.000000
vn 0.000000 0.000000 -1.000000
vn 0.000000 0.000000 -1.000000
vn 0.000000 0.000000 -1.000000
vn 0.000000 0.000000 -1.000000
vn 0.000000 0.000000 -1.000000
vn 0.000000 0.000000 -1.000000
vn 0.000000 0.000000 -1.000000
vn 0.000000 0.000000 -1.000000
vn 0.000000 0.000000 -1.000000
vn 0.000000 0.000000 -1.000000
vn 0.000000 0.000000 -1.000000
vn 0.000000 0.000000 -1.000000
vn 0.000000 0.000000 -1.000000
vn 0.000000 0.000000 -1.000000
vn 0.000000 0.000000 -1.000000
vn 0.000000 0.000000 -1.000000
vn 0.000000 0.000000 -1.000000
vn 0.000000 0.000000 -1.000000
vn 0.000000 0.000000 -1.000000
vn 0.000000 0.000000 -1.000000
vn 0.000000 0.000000 -1.000000
vn 0.000000 0.000000 -1.000000
vn 0.000000 0.000000 -1.000000
vn 0.000000 0.000000 -1.000000
vn 0.000000 0.000000 -1.000000
vn 0.000000 0.000000 -1.000000
vn 0.000000 0.000000 -1.000000
vn 0.000000 0.000000 -1.000000
vn 0.000000 0.000000 -1.000000
vn 0.000000 0.000000 -1.000000
vn 0.000000 0.000000 -1.000000
vn 0.000000 0.000000 -1.000000
vn 0.000000 0.000000 -1.000000
vn 0.000000 0.000000 -1.000000
vn 0.000000 0.000000 -1.000000
vn 0.000000 0.000000 -1.000000
vn 0.000000 0.000000 -1.000000
vn 0.000000 0.000000 -1.000000
vn 0.000000 0.000000 -1.000000
vn 0.000000 0.000000 -1.000000
vn 0.000000 0.000000 -1.000000
vn 0.000000 0.000000 -1.000000
vn 0.000000 0.000000 -1.000000
vn 0.000000 0.000000 -1.000000
vn 0.000000 0.000000 -1.000000
vn 0.000000 0.000000 -1.000000
vn 0.000000 0.000000 -1.000000
vn 0.000000 0.000000 -1.000000
vn 0.000000 0.000000 -1.000000
vn 0.000000 0.000000 -1.000000
vn 0.000000 0.000000 -1.000000
vn 0.000000 0.000000 -1.000000
vn 0.000000 0.000000 -1.000000
vn 0.000000 0.000000 -1.000000
vn 0.000000 0.000000 -1.000000
vn 0.000000 0.000000 -1.000000
vn 0.000000 0.000000 -1.000000
vn 0.000000 0.000000 -1.000000
vn 0.000000 0.000000 -1.000000
vn 0.000000 0.000000 -1.000000
vn 0.000000 0.000000 -1.000000
vn 0.000000 0.000000 -1.000000
vn 0.000000 0.000000 -1.000000
vn 0.000000 0.000000 -1.000000
vn 0.000000 0.000000 -1.000000
vn 0.000000 0.000000 -1.000000
vn 0.000000 0.000000 -1.000000
vn 0.000000 0.000000 -1.000000
vn 0.000000 0.000000 -1.000000
vn 0.000000 0.000000 -1.000000
vn 0.000000 0.000000 -1.000000
vn 0.000000 0.000000 -1.000000
vn 1.000000 0.000000 0.000000
vn 1.000000 0.000000 0.000000
vn 1.000000 0.000000 0.000000
vn 1.000000 0.000000 0.000000
vn 0.000000 1.000000 0.000000
vn 0.000000 1.000000 0.000000
vn 0.000000 1.000000 0.000000
vn 0.000000 1.000000 0.000000
vn 0.000000 1.000000 0.000000
vn 0.000000 1.000000 0.000000
vn 0.000000 1.000000 0.000000
vn 0.000000 1.000000 0.000000
vn 0.000000 1.000000 0.000000
vn 0.000000 1.000000 0.000000
vn 0.000000 1.000000 0.000000
vn 0.000000 1.000000 0.000000
vn 0.000000 1.000000 0.000000
vn 0.000000 1.000000 0.000000
vn 0.000000 1.000000 0.000000
vn 0.000000 1.000000 0.000000
vn -1.000000 -0.000000 0.000000
vn -1.000000 -0.000000 0.000000
vn -1.000000 -0.000000 0.000000
vn -1.000000 -0.000000 0.000000
vn -1.000000 -0.000000 0.000000
vn -1.000000 -0.000000 0.000000
vn -1.000000 -0.000000 0.000000
vn -1.000000 -0.000000 0.000000
vn 1.000000 0.000000 0.000000
vn 1.000000 0.000000 0.000000
vn 1.000000 0.000000 0.000000
vn 1.000000 0.000000 0.000000
vn -1.000000 -0.000000 0.000000
vn -1.000000 -0.000000 0.000000
vn -1.000000 -0.000000 0.000000
vn -1.000000 -0.000000 0.000000
vn 0.191078 -0.981575 -0.000000
vn 0.030338 -0.999540 -0.000000
vn 0.030338 -0.999540 -0.000000
vn 0.191078 -0.981575 -0.000000
vn 1.000000 0.000000 0.000000
vn 1.000000 0.000000 0.000000
vn 1.000000 0.000000 0.000000
vn 1.000000 0.000000 0.000000
vn -1.000000 -0.000000 0.000000
vn -1.000000 -0.000000 0.000000
vn -1.000000 -0.000000 0.000000
vn -1.000000 -0.000000 0.000000
vn -0.950213 0.311601 0.000007
vn -0.750206 0.661204 0.000005
vn -0.750206 0.661204 0.000000
vn -0.950212 0.311605 0.000000
vn 1.000000 0.000000 0.000000
vn 1.000000 0.000000 0.000000
vn 1.000000 0.000000 0.000000
vn 1.000000 0.000000 0.000000
vn 0.000000 1.000000 0.000000
vn 0.000000 1.000000 0.000000
vn 0.000000 1.000000 0.000000
vn 0.000000 1.000000 0.000000
vn 0.666375 0.745617 0.000003
vn 0.962405 0.271619 0.000006
vn 0.962404 0.271624 0.000000
vn 0.666375 0.745617 0.000000
vn -0.202321 -0.979319 -0.000000
vn -0.202322 -0.979319 -0.000000
vn -1.000000 -0.000000 0.000000
vn -1.000000 -0.000000 0.000000
vn 0.782440 -0.622725 -0.000000
vn 0.782440 -0.622725 -0.000000
vn 0.782440 -0.622725 -0.000000
vn 0.782440 -0.622725 -0.000000
vn -0.824707 -0.565560 -0.000000
vn -0.824707 -0.565560 -0.000000
vn -0.824707 -0.565561 -0.000000
vn -0.824707 -0.565561 -0.000000
vn 1.000000 0.000000 0.000000
vn 1.000000 0.000000 0.000000
vn 0.991670 0.128804 0.000003
vn 0.991670 0.128804 0.000000
vn -0.988207 0.153121 0.000003
vn -0.988207 0.153121 0.000000
vn -1.000000 -0.000000 0.000000
vn -1.000000 -0.000000 0.000000
vn 0.570301 0.821436 0.000000
vn 0.570301 0.821436 0.000000
vn -0.643288 0.765624 0.000000
vn -0.643288 0.765624 0.000000
vn 1.000000 0.000000 0.000000
vn 1.000000 0.000000 0.000000
vn -1.000000 -0.000000 0.000000
vn -1.000000 -0.000000 0.000000
vn 0.976595 -0.215086 -0.000000
vn 0.976595 -0.215086 -0.000000
vn 0.976595 -0.215086 -0.000000
vn 0.976595 -0.215086 -0.000000
vn -0.981881 -0.189498 -0.000000
vn -0.981881 -0.189498 -0.000000
vn -0.981881 -0.189498 -0.000000
vn -0.981881 -0.189498 -0.000000
vn 1.000000 0.000000 0.000000
vn 1.000000 0.000000 0.000000
vn 0.000000 -1.000000 -0.000000
vn 0.000000 -1.000000 -0.000000
vn 0.000000 -1.000000 -0.000000
vn 0.000000 -1.000000 -0.000000
vn -1.000000 -0.000000 0.000000
vn -1.000000 -0.000000 0.000000
vn 0.000000 -1.000000 -0.000000
vn 0.000000 -1.000000 -0.000000
vn 0.000000 -1.000000 -0.000000
vn 0.000000 -1.000000 -0.000000
vn 0.000000 1.000000 0.000000
vn 0.000000 1.000000 0.000000
vn 0.000000 1.000000 0.000000
vn 0.000000 1.000000 0.000000
vn 0.000000 -1.000000 -0.000000
vn 0.000000 -1.000000 -0.000000
vn 0.000000 -1.000000 -0.000000
vn 0.000000 -1.000000 -0.000000
vn 0.000000 -1.000000 -0.000000
vn 0.000000 -1.000000 -0.000000
vn 0.000000 1.000000 0.000000
vn 0.000000 1.000000 0.000000
vn 0.000000 -1.000000 -0.000000
vn 0.000000 -1.000000 -0.000000
vn 0.000000 -1.000000 -0.000000
vn 0.000000 -1.000000 -0.000000
vn 0.000000 -1.000000 -0.000000
vn 0.000000 -1.000000 -0.000000
vn 1.000000 0.000000 0.000000
vn 1.000000 0.000000 0.000000
vn 0.000000 1.000000 0.000000
vn 0.000000 1.000000 0.000000
vn 0.000000 0.000000 -1.000000
vn 0.000000 0.000000 -1.000000
vn 0.000000 0.000000 -1.000000
vn 0.000000 0.000000 -1.000000
vn 0.000000 0.000000 -1.000000
vn 0.000000 0.000000 -1.000000
vn 0.000000 0.000000 -1.000000
vn 0.000000 0.000000 -1.000000
vn 0.000000 0.000000 -1.000000
vn 0.000000 0.000000 -1.000000
vn 0.000000 0.000000 -1.000000
vn 0.000000 0.000000 -1.000000
vn 0.000000 -1.000000 -0.000000
vn 0.000000 -1.000000 -0.000000
vn 0.000000 -0.000000 1.000000
vn 0.000000 -0.000000 1.000000
vn 0.000000 -0.000000 1.000000
vn 0.000000 -0.000000 1.000000
vn 0.000000 -0.000000 1.000000
vn 0.000000 -0.000000 1.000000
vn 0.000000 -0.000000 1.000000
vn 0.000000 -0.000000 1.000000
vn 0.000000 -0.000000 1.000000
vn 0.000000 -0.000000 1.000000
vn 0.000000 -0.000000 1.000000
vn 0.000000 -0.000000 1.000000
vn 0.000000 -0.000000 1.000000
vn 0.000000 -0.000000 1.000000
vn 0.000000 -0.000000 1.000000
vn 0.000000 -0.000000 1.000000
vn 0.000000 -0.000000 1.000000
vn 0.000000 -0.000000 1.000000
vn 0.000000 -0.000000 1.000000
vn 0.000000 -0.000000 1.000000
vn 0.000000 -0.000000 1.000000
vn 1.000000 0.000000 0.000000
vn 1.000000 0.000000 0.000000
vn 0.000000 0.000000 -1.000000
vn 0.000000 0.000000 -1.000000
vn 0.000000 0.000000 -1.000000
vn 0.000000 0.000000 -1.000000
vn 0.000000 0.000000 -1.000000
vn 0.000000 0.000000 -1.000000
vn 0.000000 0.000000 -1.000000
vn 0.000000 0.000000 -1.000000
vn 0.000000 0.000000 -1.000000
vn 0.000000 0.000000 -1.000000
vn 0.000000 0.000000 -1.000000
vn -1.000000 -0.000000 0.000000
vn -1.000000 -0.000000 0.000000
vn 0.000000 -0.000000 1.000000
vn 0.000000 -0.000000 1.000000
vn 0.000000 0.000000 1.000000
vn 0.000000 -0.000000 1.000000
vn 0.000000 -0.000001 1.000000
vn 0.000000 -0.000000 1.000000
vn 0.000000 0.000000 -1.000000
vn 0.000000 0.000000 -1.000000
vn 0.000000 0.000000 -1.000000
vn 0.000000 0.000000 -1.000000
vn -0.950212 0.311604 -0.000001
vn -0.750206 0.661204 -0.000001
vn -0.750208 0.661201 0.000000
vn -0.950212 0.311605 0.000000
vn -0.988207 0.153121 -0.000001
vn -0.988207 0.153123 0.000000
vn -0.824707 -0.565561 -0.000000
vn -0.824707 -0.565561 -0.000000
vn -0.824707 -0.565561 -0.000000
vn -0.824707 -0.565561 -0.000000
vn 0.030338 -0.999540 -0.000000
vn -0.202322 -0.979319 -0.000000
vn -0.202322 -0.979319 -0.000000
vn 0.030338 -0.999540 -0.000000
vn 0.191078 -0.981575 -0.000000
vn 0.191078 -0.981575 -0.000000
vn 0.782441 -0.622725 -0.000000
vn 0.782441 -0.622725 -0.000000
vn 0.782441 -0.622725 -0.000000
vn 0.782441 -0.622725 -0.000000
vn 0.962404 0.271622 -0.000001
vn 0.991670 0.128804 -0.000000
vn 0.991670 0.128805 0.000000
vn 0.962404 0.271623 0.000000
vn 0.666375 0.745617 -0.000000
vn 0.666377 0.745615 0.000000
vn 0.570301 0.821436 0.000000
vn 0.570300 0.821436 0.000000
vn 0.976595 -0.215086 -0.000000
vn 0.976595 -0.215086 -0.000000
vn 0.976595 -0.215086 -0.000000
vn 0.976595 -0.215086 -0.000000
vn 0.000000 1.000000 0.000000
vn 0.000000 1.000000 0.000000
vn 0.000000 1.000000 0.000000
vn 0.000000 1.000000 0.000000
vn 0.000000 1.000000 0.000000
vn 0.000000 1.000000 0.000000
vn -0.981881 -0.189498 -0.000000
vn -0.981881 -0.189498 -0.000000
vn -0.981881 -0.189498 -0.000000
vn -0.981881 -0.189498 -0.000000
vn -0.643288 0.765624 0.000000
vn -0.643288 0.765624 0.000000
s 1
g pPlane1
usemtl initialShadingGroup
f 191/1/1 192/2/2 169/3/3 77/310/4
f 78/359/5 208/6/6 261/7/7 262/309/8
f 80/314/9 206/10/10 207/11/11 83/12/12
f 203/13/13 204/14/14 147/15/15 87/322/16
f 88/363/17 167/18/18 168/19/19 84/365/20
f 81/21/21 90/22/22 91/23/23 82/24/24
f 79/25/25 92/26/26 259/27/27 260/28/28
f 93/29/29 189/30/30 190/31/31 74/32/32
f 95/356/33 165/34/34 166/35/35 98/36/36
f 99/37/37 100/355/38 101/357/39 102/40/40
f 103/41/41 104/354/42 257/43/43 258/44/44
f 105/45/45 187/46/46 188/47/47 106/48/48
f 109/344/49 162/50/50 163/51/51 112/52/52
f 113/389/53 114/342/54 254/55/55 255/380/56
f 115/57/57 184/58/58 185/384/59 116/381/60
f 98/36/36 166/35/35 167/18/18 88/363/17
f 90/22/22 99/37/37 102/40/40 91/23/23
f 92/26/26 103/41/41 258/44/44 259/27/27
f 106/48/48 188/47/47 189/30/30 93/29/29
f 205/61/61 235/62/62 236/313/63 86/330/64
f 89/65/65 233/66/66 234/67/67 85/68/68
f 97/69/69 232/70/70 233/66/66 89/65/65
f 96/71/71 231/72/72 232/70/70 97/69/69
f 110/73/73 228/74/74 229/75/75 111/76/76
f 207/11/11 208/6/6 78/359/5 83/12/12
f 91/23/23 92/26/26 79/25/25 82/24/24
f 102/40/40 103/41/41 92/26/26 91/23/23
f 101/357/39 104/354/42 103/41/41 102/40/40
f 121/352/77 164/78/78 165/34/34 95/356/33
f 122/79/79 230/80/80 231/72/72 96/71/71
f 257/43/43 104/354/42 124/347/81 256/82/82
f 125/83/83 186/84/84 187/46/46 105/45/45
f 112/52/52 163/51/51 164/386/78 121/388/77
f 111/76/76 229/75/75 230/382/80 122/387/79
f 256/82/82 124/347/81 113/348/53 255/56/56
f 116/60/60 185/59/59 186/84/84 125/83/83
f 127/340/85 161/86/86 162/50/50 109/344/49
f 128/87/87 227/88/88 228/74/74 110/73/73
f 254/55/55 114/342/54 130/338/89 253/90/90
f 131/91/91 183/92/92 184/58/58 115/57/57
f 133/316/93 160/94/94 161/86/86 127/340/85
f 134/95/95 252/96/96 227/88/88 128/87/87
f 278/97/97 253/90/90 130/338/89 136/333/98
f 137/99/99 182/100/100 183/92/92 131/91/91
f 225/101/101 226/102/102 160/94/94 133/316/93
f 209/103/103 251/104/104 252/96/96 134/95/95
f 142/332/105 135/335/106 210/107/107 211/108/108
f 211/108/108 212/109/109 136/333/98 142/332/105
f 278/97/97 136/333/98 212/109/109 277/110/110
f 213/111/111 214/112/112 182/100/100 137/99/99
s 17
f 196/113/113 5/114/114 170/115/115 195/116/116
f 36/117/117 263/118/118 264/119/119 197/120/120
f 30/121/121 7/122/122 198/123/123 199/124/124
f 202/125/125 3/126/126 148/127/127 201/128/128
f 25/129/129 11/130/130 149/131/131 150/132/132
f 31/133/133 13/134/134 27/135/135 32/136/136
f 37/137/137 265/138/138 266/139/139 38/140/140
f 28/141/141 14/142/142 171/143/143 172/144/144
f 42/145/145 16/146/146 151/147/147 152/148/148
f 33/149/149 18/150/150 45/377/151 44/152/152
f 39/153/153 267/154/154 268/155/155 46/378/156
f 47/157/157 19/158/158 173/159/159 174/160/160
f 55/161/161 21/162/162 154/163/163 155/164/164
f 40/374/165 270/166/166 271/167/167 58/371/168
f 59/169/169 23/170/170 176/171/171 177/172/172
f 16/146/146 25/129/129 150/132/132 151/147/147
f 32/136/136 27/135/135 18/150/150 33/149/149
f 38/140/140 266/139/139 267/154/154 39/153/153
f 19/158/158 28/141/141 172/144/144 173/159/159
f 200/173/173 9/174/174 237/175/175 238/176/176
f 26/177/177 12/178/178 239/179/179 240/180/180
f 17/181/181 26/177/177 240/180/180 241/182/182
f 43/183/183 17/181/181 241/182/182 242/184/184
f 56/185/185 22/186/186 244/187/187 245/188/188
f 198/123/123 7/122/122 36/117/117 197/120/120
f 27/135/135 13/134/134 37/137/137 38/140/140
f 18/150/150 27/135/135 38/140/140 39/153/153
f 45/377/151 18/150/150 39/153/153 46/378/156
f 49/189/189 42/145/145 152/148/148 153/190/190
f 50/191/191 43/183/183 242/184/184 243/192/192
f 268/155/155 269/193/193 52/373/194 46/378/156
f 53/195/195 47/157/157 174/160/160 175/196/196
f 21/162/162 49/189/189 153/190/190 154/163/163
f 22/186/186 50/191/191 243/192/192 244/187/187
f 269/193/193 270/166/166 40/374/165 52/373/194
f 23/170/170 53/195/195 175/196/196 176/171/171
f 61/197/197 55/161/161 155/164/164 156/198/198
f 62/199/199 56/185/185 245/188/188 246/200/200
f 271/167/167 272/201/201 64/369/202 58/371/168
f 65/203/203 59/169/169 177/172/172 178/204/204
f 67/205/205 61/197/197 156/198/198 157/206/206
f 68/207/207 62/199/199 246/200/200 247/208/208
f 272/201/201 273/209/209 71/367/210 64/369/202
f 72/211/211 65/203/203 178/204/204 179/212/212
f 224/213/213 67/205/205 157/206/206 223/214/214
f 222/215/215 68/207/207 247/208/208 248/216/216
f 70/366/217 220/218/218 221/219/219 69/220/220
f 220/218/218 70/366/217 71/367/210 219/221/221
f 273/209/209 274/222/222 219/221/221 71/367/210
f 218/223/223 72/211/211 179/212/212 217/224/224
s 22
f 194/225/225 4/226/226 76/393/227 193/228/228
s 23
f 170/115/229 5/114/230 77/4/231 169/327/232
f 263/118/233 36/117/234 78/5/235 262/8/236
f 7/122/237 30/121/238 80/9/239 83/358/240
f 148/127/241 3/126/242 87/392/243 147/319/244
s 27
f 3/126/245 202/125/246 203/321/247 87/16/248
f 11/130/249 25/129/250 88/17/251 84/20/252
s 22
f 29/229/253 15/230/254 75/364/255 94/361/256
s 27
f 16/146/257 42/145/258 95/33/259 98/362/260
s 30
f 44/379/261 45/151/262 297/233/263 298/234/264
s 22
f 48/235/265 20/236/266 108/360/267 107/353/268
s 27
f 21/162/269 55/161/270 109/49/271 112/351/272
s 32
f 40/165/273 58/168/274 293/239/275 294/240/276
s 22
f 60/241/277 24/242/278 118/345/279 117/341/280
s 27
f 25/129/250 16/146/257 98/362/260 88/17/251
s 22
f 20/236/266 29/229/253 94/361/256 108/360/267
s 23
f 237/175/281 9/174/282 86/64/283 236/63/284
s 34
f 57/372/285 34/376/286 300/247/287 301/248/288
s 23
f 36/117/234 7/122/237 83/358/240 78/5/235
s 30
f 45/151/262 46/156/289 296/249/290 297/233/263
s 27
f 42/145/258 49/189/291 121/77/292 95/33/259
s 35
f 51/375/293 44/379/294 298/234/295 299/251/296
s 36
f 46/156/297 52/194/298 295/252/299 296/249/300
s 22
f 54/253/301 48/235/265 107/353/268 126/346/302
s 27
f 49/189/291 21/162/269 112/351/272 121/77/292
s 34
f 34/376/286 51/375/303 299/251/304 300/247/287
s 32
f 52/194/305 40/165/273 294/240/276 295/252/306
s 22
f 24/242/278 54/253/301 126/346/302 118/345/279
s 27
f 55/161/270 61/197/307 127/85/308 109/49/271
s 34
f 63/370/309 57/372/285 301/248/288 302/256/310
s 32
f 58/168/274 64/202/311 306/257/312 293/239/275
s 22
f 66/258/313 60/241/277 117/341/280 132/337/314
s 27
f 61/197/307 67/205/315 133/93/316 127/85/308
s 37
f 69/368/317 63/370/318 302/256/319 303/260/320
s 38
f 64/202/321 71/210/322 305/261/323 306/257/324
s 22
f 73/262/325 66/258/313 132/337/314 138/318/326
s 39
f 1/264/327 158/265/328 159/328/329 139/336/330
s 27
f 67/205/315 224/213/331 225/315/332 133/93/316
s 39
f 10/268/333 249/269/334 250/311/335 140/329/336
s 41
f 70/217/337 69/368/338 303/260/339 304/272/340
s 39
f 35/273/341 8/274/342 143/334/343 141/312/344
f 8/274/342 41/277/345 144/331/346 143/334/343
s 41
f 71/210/347 70/217/337 304/272/340 305/261/348
s 39
f 41/277/345 275/279/349 276/307/350 144/331/346
f 6/281/351 180/282/352 181/325/353 145/308/354
s 22
f 216/285/355 73/262/325 138/318/326 215/286/356
s 23
f 9/174/282 148/127/241 147/319/244 86/64/283
s 17
f 201/128/128 148/127/127 9/174/174 200/173/173
f 150/132/132 149/131/131 12/178/178 26/177/177
f 151/147/147 150/132/132 26/177/177 17/181/181
f 152/148/148 151/147/147 17/181/181 43/183/183
f 153/190/190 152/148/148 43/183/183 50/191/191
f 154/163/163 153/190/190 50/191/191 22/186/186
f 155/164/164 154/163/163 22/186/186 56/185/185
f 156/198/198 155/164/164 56/185/185 62/199/199
f 157/206/206 156/198/198 62/199/199 68/207/207
f 223/214/214 157/206/206 68/207/207 222/215/215
s 39
f 159/328/329 158/265/328 10/268/333 140/329/336
s 1
f 160/94/94 226/102/102 209/103/103 134/95/95
f 161/86/86 160/94/94 134/95/95 128/87/87
f 162/50/50 161/86/86 128/87/87 110/73/73
f 163/51/51 162/50/50 110/73/73 111/76/76
f 164/386/78 163/51/51 111/76/76 122/387/79
f 165/34/34 164/78/78 122/79/79 96/71/71
f 166/35/35 165/34/34 96/71/71 97/69/69
f 167/18/18 166/35/35 97/69/69 89/65/65
f 168/19/19 167/18/18 89/65/65 85/68/68
f 147/320/15 204/14/14 205/61/61 86/330/64
s 23
f 4/226/357 170/115/229 169/327/232 76/324/358
s 17
f 195/116/116 170/115/115 4/226/359 194/225/360
f 172/144/144 171/143/143 15/230/361 29/229/362
f 173/159/159 172/144/144 29/229/362 20/236/363
f 174/160/160 173/159/159 20/236/363 48/235/364
f 175/196/196 174/160/160 48/235/364 54/253/365
f 176/171/171 175/196/196 54/253/365 24/242/366
f 177/172/172 176/171/171 24/242/366 60/241/367
f 178/204/204 177/172/172 60/241/367 66/258/368
f 179/212/212 178/204/204 66/258/368 73/262/369
f 217/224/224 179/212/212 73/262/369 216/285/370
s 39
f 181/325/353 180/282/352 2/287/371 146/390/372
s 1
f 182/100/100 214/112/112 215/317/373 138/263/374
f 183/92/92 182/100/100 138/263/374 132/259/375
f 184/58/58 183/92/92 132/259/375 117/244/376
f 185/384/59 184/58/58 117/244/376 118/385/377
f 186/84/84 185/59/59 118/243/377 126/254/378
f 187/46/46 186/84/84 126/254/378 107/238/379
f 188/47/47 187/46/46 107/238/379 108/237/380
f 189/30/30 188/47/47 108/237/380 94/232/381
f 190/31/31 189/30/30 94/232/381 75/231/382
f 169/3/3 192/2/2 193/323/383 76/227/384
f 74/32/32 190/31/31 192/2/2 191/1/1
f 193/323/383 192/2/2 190/31/31 75/231/382
s 22
f 15/230/254 194/225/225 193/228/228 75/364/255
s 17
f 171/143/143 195/116/116 194/225/360 15/230/361
f 14/142/142 196/113/113 195/116/116 171/143/143
f 197/120/120 264/119/119 265/138/138 37/137/137
f 13/134/134 198/123/123 197/120/120 37/137/137
f 199/124/124 198/123/123 13/134/134 31/133/133
f 12/178/178 200/173/173 238/176/176 239/179/179
f 149/131/131 201/128/128 200/173/173 12/178/178
f 11/130/130 202/125/125 201/128/128 149/131/131
s 27
f 203/321/247 202/125/246 11/130/249 84/20/252
s 1
f 84/365/20 168/19/19 204/14/14 203/13/13
f 205/61/61 204/14/14 168/19/19 85/68/68
f 85/68/68 234/67/67 235/62/62 205/61/61
f 207/11/11 206/10/10 81/21/21 82/24/24
f 82/24/24 79/25/25 208/6/6 207/11/11
f 261/7/7 208/6/6 79/25/25 260/28/28
f 140/271/385 250/270/386 251/104/104 209/103/103
f 211/108/108 210/107/107 141/276/387 143/275/388
f 143/275/388 144/278/389 212/109/109 211/108/108
f 277/110/110 212/109/109 144/278/389 276/280/390
f 145/284/391 181/283/392 214/112/112 213/111/111
f 215/317/373 214/112/112 181/283/392 146/288/393
s 22
f 2/287/394 216/285/355 215/286/356 146/326/395
s 17
f 180/282/396 217/224/224 216/285/370 2/287/397
f 6/281/398 218/223/223 217/224/224 180/282/396
f 219/221/221 274/222/222 275/279/399 41/277/400
f 8/274/401 220/218/218 219/221/221 41/277/400
f 221/219/219 220/218/218 8/274/401 35/273/402
f 10/268/403 222/215/215 248/216/216 249/269/404
f 158/265/405 223/214/214 222/215/215 10/268/403
f 1/264/406 224/213/213 223/214/214 158/265/405
s 27
f 225/315/332 224/213/331 1/264/407 139/391/408
s 1
f 139/267/409 159/266/410 226/102/102 225/101/101
f 209/103/103 226/102/102 159/266/410 140/271/385
f 227/88/88 129/339/411 119/343/412 228/74/74
f 229/75/75 228/74/74 119/343/412 120/350/413
f 230/382/80 229/75/75 120/350/413 123/349/414
f 231/72/72 230/80/80 123/383/414 100/355/38
f 232/70/70 231/72/72 100/355/38 99/37/37
f 233/66/66 232/70/70 99/37/37 90/22/22
f 234/67/67 233/66/66 90/22/22 81/21/21
f 235/62/62 234/67/67 81/21/21 206/10/10
f 236/313/63 235/62/62 206/10/10 80/314/9
s 23
f 30/121/238 237/175/281 236/63/284 80/9/239
s 17
f 238/176/176 237/175/175 30/121/121 199/124/124
f 239/179/179 238/176/176 199/124/124 31/133/133
f 240/180/180 239/179/179 31/133/133 32/136/136
f 241/182/182 240/180/180 32/136/136 33/149/149
f 242/184/184 241/182/182 33/149/149 44/152/152
f 243/192/192 242/184/184 44/152/152 51/250/415
f 244/187/187 243/192/192 51/250/415 34/246/416
f 245/188/188 244/187/187 34/246/416 57/245/417
f 246/200/200 245/188/188 57/245/417 63/255/418
f 247/208/208 246/200/200 63/255/418 69/220/220
f 248/216/216 247/208/208 69/220/220 221/219/219
f 249/269/404 248/216/216 221/219/219 35/273/402
s 39
f 250/311/335 249/269/334 35/273/341 141/312/344
s 1
f 251/104/104 250/270/386 141/276/387 210/107/107
f 252/96/96 251/104/104 210/107/107 135/335/106
f 227/88/88 252/96/96 135/335/106 129/339/411
f 115/57/57 254/55/55 253/90/90 131/91/91
f 255/380/56 254/55/55 115/57/57 116/381/60
f 125/83/83 256/82/82 255/56/56 116/60/60
f 105/45/45 257/43/43 256/82/82 125/83/83
f 258/44/44 257/43/43 105/45/45 106/48/48
f 259/27/27 258/44/44 106/48/48 93/29/29
f 260/28/28 259/27/27 93/29/29 74/32/32
f 191/1/1 261/7/7 260/28/28 74/32/32
f 262/309/8 261/7/7 191/1/1 77/310/4
s 23
f 5/114/230 263/118/233 262/8/236 77/4/231
s 17
f 264/119/119 263/118/118 5/114/114 196/113/113
f 265/138/138 264/119/119 196/113/113 14/142/142
f 266/139/139 265/138/138 14/142/142 28/141/141
f 267/154/154 266/139/139 28/141/141 19/158/158
f 268/155/155 267/154/154 19/158/158 47/157/157
f 47/157/157 53/195/195 269/193/193 268/155/155
f 53/195/195 23/170/170 270/166/166 269/193/193
f 271/167/167 270/166/166 23/170/170 59/169/169
f 59/169/169 65/203/203 272/201/201 271/167/167
f 65/203/203 72/211/211 273/209/209 272/201/201
f 72/211/211 218/223/223 274/222/222 273/209/209
f 275/279/399 274/222/222 218/223/223 6/281/398
s 39
f 276/307/350 275/279/349 6/281/351 145/308/354
s 1
f 213/111/111 277/110/110 276/280/390 145/284/391
f 137/99/99 278/97/97 277/110/110 213/111/111
f 131/91/91 253/90/90 278/97/97 137/99/99
s 32
f 280/293/419 279/294/420 114/54/421 113/53/422
f 281/295/423 280/293/419 113/53/422 124/81/424
s 36
f 282/296/425 281/295/426 124/81/427 104/42/428
s 30
f 283/297/429 282/296/430 104/42/431 101/39/432
f 284/298/433 283/297/429 101/39/432 100/38/434
s 35
f 285/299/435 284/298/436 100/38/437 123/292/438
s 34
f 286/300/439 285/299/440 123/292/441 120/291/442
f 287/301/443 286/300/439 120/291/442 119/290/444
f 288/302/445 287/301/443 119/290/444 129/289/446
s 37
f 289/303/447 288/302/448 129/289/449 135/106/450
s 41
f 290/304/451 289/303/452 135/106/453 142/105/454
f 291/305/455 290/304/451 142/105/454 136/98/456
s 38
f 292/306/457 291/305/458 136/98/459 130/89/460
s 32
f 279/294/420 292/306/461 130/89/462 114/54/421
f 294/240/276 293/239/275 279/294/420 280/293/419
f 295/252/306 294/240/276 280/293/419 281/295/423
s 36
f 296/249/300 295/252/299 281/295/426 282/296/425
s 30
f 297/233/263 296/249/290 282/296/430 283/297/429
f 298/234/264 297/233/263 283/297/429 284/298/433
s 35
f 299/251/296 298/234/295 284/298/436 285/299/435
s 34
f 300/247/287 299/251/304 285/299/440 286/300/439
f 301/248/288 300/247/287 286/300/439 287/301/443
f 302/256/310 301/248/288 287/301/443 288/302/445
s 37
f 303/260/320 302/256/319 288/302/448 289/303/447
s 41
f 304/272/340 303/260/339 289/303/452 290/304/451
f 305/261/348 304/272/340 290/304/451 291/305/455
s 38
f 306/257/324 305/261/323 291/305/458 292/306/457
s 32
f 293/239/275 306/257/312 292/306/461 279/294/420
g default
v -0.858660 2.083441 0.208635
v -0.925743 2.122640 0.208635
v -1.002027 2.109026 0.208635
v -1.051818 2.048969 0.208635
v -1.051818 1.970570 0.208635
v -1.002027 1.910513 0.208635
v -0.925743 1.896900 0.208635
v -0.858660 1.936099 0.208635
v -0.832166 2.009770 0.208635
v -0.858660 2.083441 0.229434
v -0.925743 2.122640 0.229434
v -1.002027 2.109026 0.229434
v -1.051818 2.048969 0.229434
v -1.051818 1.970570 0.229434
v -1.002027 1.910513 0.229434
v -0.925743 1.896900 0.229434
v -0.858660 1.936099 0.229434
v -0.832166 2.009770 0.229434
v -0.945407 2.009770 0.208635
v -0.900667 2.046304 0.283444
v -0.933934 2.065743 0.283444
v -0.971764 2.058992 0.283444
v -0.996456 2.029209 0.283444
v -0.996456 1.990331 0.283444
v -0.971764 1.960548 0.283444
v -0.933934 1.953797 0.283444
v -0.900667 1.973236 0.283444
v -0.887529 2.009770 0.283444
v -0.977875 1.950445 0.269941
v -1.007635 1.986341 0.269941
v -1.007634 2.033199 0.269941
v -0.977875 2.069095 0.269941
v -0.932280 2.077232 0.269941
v -0.892185 2.053802 0.269941
v -0.876350 2.009770 0.269941
v -0.892185 1.965737 0.269941
v -0.932280 1.942308 0.269941
v -0.982267 1.943183 0.256439
v -1.015670 1.983473 0.256439
v -1.015670 2.036067 0.256439
v -0.982267 2.076357 0.256439
v -0.931091 2.085490 0.256439
v -0.886088 2.059193 0.256439
v -0.868314 2.009770 0.256439
v -0.886088 1.960347 0.256439
v -0.931091 1.934050 0.256439
v -0.989222 1.931684 0.242936
v -1.028394 1.978931 0.242936
v -1.028394 2.040608 0.242936
v -0.989222 2.087856 0.242936
v -0.929209 2.098566 0.242936
v -0.876433 2.067728 0.242936
v -0.855591 2.009770 0.242936
v -0.876433 1.951812 0.242936
v -0.929209 1.920974 0.242936
v -0.889983 2.055749 0.299806
v -0.931851 2.080213 0.299806
v -0.979461 2.071717 0.299806
v -1.010536 2.034235 0.299806
v -1.010536 1.985305 0.299806
v -0.979461 1.947823 0.299806
v -0.931851 1.939327 0.299806
v -0.889983 1.963791 0.299806
v -0.873449 2.009770 0.299806
v -0.896903 2.049631 0.393431
v -0.933200 2.070841 0.393431
v -0.974476 2.063475 0.393431
v -1.001416 2.030980 0.393431
v -1.001416 1.988560 0.393431
v -0.974476 1.956065 0.393431
v -0.933200 1.948698 0.393431
v -0.896903 1.969908 0.393431
v -0.882568 2.009770 0.393431
v -0.931461 1.936617 0.377827
v -0.980902 1.945440 0.377827
v -1.013173 1.984364 0.377827
v -1.013172 2.035176 0.377827
v -0.980902 2.074100 0.377827
v -0.931461 2.082923 0.377827
v -0.887983 2.057517 0.377827
v -0.870812 2.009770 0.377827
v -0.887983 1.962022 0.377827
v -0.930590 1.930572 0.362223
v -0.984117 1.940124 0.362223
v -1.019054 1.982265 0.362223
v -1.019054 2.037275 0.362223
v -0.984117 2.079415 0.362223
v -0.930590 2.088968 0.362223
v -0.883520 2.061463 0.362223
v -0.864930 2.009770 0.362223
v -0.883520 1.958077 0.362223
v -0.930071 1.926963 0.346619
v -0.986037 1.936951 0.346619
v -1.022566 1.981011 0.346619
v -1.022566 2.038528 0.346619
v -0.986037 2.082589 0.346619
v -0.930071 2.092577 0.346619
v -0.880855 2.063818 0.346619
v -0.861419 2.009770 0.346619
v -0.880855 1.955721 0.346619
v -0.930153 1.927532 0.331014
v -0.985734 1.937451 0.331014
v -1.022012 1.981209 0.331014
v -1.022012 2.038331 0.331014
v -0.985734 2.082089 0.331014
v -0.930153 2.092008 0.331014
v -0.881275 2.063447 0.331014
v -0.861972 2.009770 0.331014
v -0.881275 1.956093 0.331014
v -0.930542 1.930236 0.315410
v -0.984296 1.939829 0.315410
v -1.019381 1.982148 0.315410
v -1.019381 2.037392 0.315410
v -0.984296 2.079711 0.315410
v -0.930542 2.089304 0.315410
v -0.883272 2.061682 0.315410
v -0.864603 2.009770 0.315410
v -0.883272 1.957858 0.315410
v -0.901596 2.045482 0.393431
v -0.934115 2.064484 0.393431
v -0.971095 2.057885 0.393431
v -0.995231 2.028772 0.393431
v -0.995231 1.990768 0.393431
v -0.971095 1.961655 0.393431
v -0.934115 1.955055 0.393431
v -0.901596 1.974057 0.393431
v -0.888753 2.009770 0.393431
v -0.901596 2.045482 0.387543
v -0.934115 2.064484 0.387543
v -0.943975 2.009770 0.387543
v -0.971095 2.057885 0.387543
v -0.995231 2.028772 0.387543
v -0.995231 1.990768 0.387543
v -0.971095 1.961655 0.387543
v -0.934115 1.955055 0.387543
v -0.901596 1.974057 0.387543
v -0.888753 2.009770 0.387543
v -0.971095 1.961655 0.388409
v -0.995231 1.990768 0.388409
v -0.995231 2.028772 0.388409
v -0.971095 2.057885 0.388409
v -0.934115 2.064484 0.388409
v -0.901596 2.045482 0.388409
v -0.888753 2.009770 0.388409
v -0.901596 1.974057 0.388409
v -0.934115 1.955055 0.388409
v -0.971095 1.961655 0.392885
v -0.995231 1.990768 0.392885
v -0.995231 2.028772 0.392885
v -0.971095 2.057885 0.392885
v -0.934115 2.064484 0.392885
v -0.901596 2.045482 0.392885
v -0.888753 2.009770 0.392885
v -0.901596 1.974057 0.392885
v -0.934115 1.955055 0.392885
v -0.974669 1.955746 0.392963
v -1.001769 1.988434 0.392963
v -1.001769 2.031106 0.392963
v -0.974669 2.063794 0.392963
v -0.933148 2.071204 0.392963
v -0.896635 2.049868 0.392963
v -0.882215 2.009770 0.392963
v -0.896635 1.969672 0.392963
v -0.933148 1.948336 0.392963
v -0.925743 1.896900 0.227889
v -1.002027 1.910513 0.227889
v -1.051818 1.970570 0.227889
v -1.051818 2.048969 0.227889
v -1.002027 2.109026 0.227889
v -0.925743 2.122640 0.227889
v -0.858660 2.083441 0.227889
v -0.832166 2.009770 0.227889
v -0.858660 1.936099 0.227889
v -0.925743 1.896900 0.209486
v -1.002027 1.910513 0.209486
v -1.051818 1.970570 0.209486
v -1.051818 2.048969 0.209486
v -1.002027 2.109026 0.209486
v -0.925743 2.122640 0.209486
v -0.858660 2.083441 0.209486
v -0.832166 2.009770 0.209486
v -0.858660 1.936099 0.209486
v -0.972196 1.959834 0.282489
v -0.997246 1.990049 0.282489
v -0.997245 2.029491 0.282489
v -0.972196 2.059705 0.282489
v -0.933817 2.066555 0.282489
v -0.900068 2.046834 0.282489
v -0.886739 2.009770 0.282489
v -0.900068 1.972706 0.282489
v -0.933817 1.952985 0.282489
v -0.971095 2.057885 0.387839
v -0.934115 2.064484 0.387839
v -0.901596 2.045482 0.387839
v -0.888753 2.009770 0.387839
v -0.901596 1.974057 0.387839
v -0.934115 1.955055 0.387839
v -0.971095 1.961655 0.387839
v -0.995231 1.990768 0.387839
v -0.995231 2.028772 0.387839
v -0.925837 1.897554 0.229801
v -1.001679 1.911089 0.229801
v -1.051182 1.970798 0.229801
v -1.051182 2.048742 0.229801
v -1.001679 2.108451 0.229801
v -0.925837 2.121986 0.229801
v -0.859142 2.083014 0.229801
v -0.832803 2.009770 0.229801
v -0.859142 1.936526 0.229801
vt 0.705056 0.083053
vt 0.699829 0.073832
vt 0.699903 0.073745
vt 0.705169 0.083033
vt 0.689910 0.070191
vt 0.689911 0.070077
vt 0.679903 0.073833
vt 0.679829 0.073745
vt 0.674508 0.083086
vt 0.674395 0.083066
vt 0.676269 0.093589
vt 0.676169 0.093646
vt 0.684324 0.100426
vt 0.684285 0.100534
vt 0.694923 0.100432
vt 0.694962 0.100540
vt 0.703126 0.093571
vt 0.703225 0.093629
vt 0.689761 0.085779
vt 0.973287 0.035335
vt 0.968491 0.033611
vt 0.973304 0.027824
vt 0.965953 0.029199
vt 0.966875 0.024149
vt 0.970839 0.020840
vt 0.975971 0.020837
vt 0.979857 0.024117
vt 0.980700 0.029139
vt 0.978109 0.033571
vt 0.707819 0.082563
vt 0.701626 0.071680
vt 0.759237 0.080633
vt 0.758665 0.090992
vt 0.689897 0.067387
vt 0.764718 0.071853
vt 0.678090 0.071690
vt 0.773859 0.066798
vt 0.671742 0.082603
vt 0.784359 0.066818
vt 0.673842 0.094994
vt 0.793485 0.071855
vt 0.683375 0.103065
vt 0.798976 0.080622
vt 0.695895 0.103064
vt 0.799558 0.090983
vt 0.705561 0.094968
vt 0.795036 0.100462
vt 0.782244 0.075087
vt 0.787708 0.078103
vt 0.786164 0.079774
vt 0.322705 0.090299
vt 0.775965 0.075072
vt 0.329905 0.090304
vt 0.770502 0.078099
vt 0.337044 0.090172
vt 0.767224 0.083360
vt 0.344094 0.089858
vt 0.766905 0.089574
vt 0.351041 0.089370
vt 0.788699 0.095360
vt 0.357749 0.088793
vt 0.791327 0.089573
vt 0.302753 0.088634
vt 0.790994 0.083359
vt 0.308848 0.088992
vt 0.782774 0.072972
vt 0.789183 0.076498
vt 0.775431 0.072980
vt 0.769024 0.076498
vt 0.765165 0.082655
vt 0.764746 0.089918
vt 0.790467 0.096525
vt 0.793475 0.089912
vt 0.793052 0.082651
vt 0.783415 0.070441
vt 0.790947 0.074582
vt 0.774788 0.070455
vt 0.767258 0.074582
vt 0.762717 0.081814
vt 0.762213 0.090345
vt 0.792425 0.098049
vt 0.796010 0.090339
vt 0.795498 0.081808
vt 0.351030 0.089203
vt 0.344084 0.089689
vt 0.343897 0.086785
vt 0.350860 0.086330
vt 0.337035 0.090002
vt 0.336932 0.087059
vt 0.329899 0.090132
vt 0.329907 0.087156
vt 0.322712 0.090127
vt 0.322829 0.087032
vt 0.315634 0.089500
vt 0.315803 0.086561
vt 0.308862 0.088825
vt 0.308904 0.085898
vt 0.302807 0.088469
vt 0.364557 0.085479
vt 0.357735 0.088627
vt 0.357797 0.085728
vt 0.343753 0.084358
vt 0.350719 0.083927
vt 0.336846 0.084601
vt 0.329904 0.084677
vt 0.322915 0.084506
vt 0.315942 0.084126
vt 0.308964 0.083478
vt 0.301643 0.082930
vt 0.357805 0.083313
vt 0.316505 0.075365
vt 0.309799 0.074812
vt 0.981371 0.023220
vt 0.316702 0.072773
vt 0.323222 0.075643
vt 0.970231 0.019165
vt 0.329985 0.075752
vt 0.965335 0.023253
vt 0.336722 0.075695
vt 0.964202 0.029495
vt 0.343423 0.075569
vt 0.967344 0.034946
vt 0.350145 0.075250
vt 0.973270 0.037072
vt 0.356968 0.074654
vt 0.979218 0.034892
vt 0.303101 0.073537
vt 0.982414 0.029424
vt 0.316344 0.077646
vt 0.309470 0.077053
vt 0.323139 0.077954
vt 0.329938 0.078073
vt 0.336720 0.078043
vt 0.343476 0.077856
vt 0.350300 0.077485
vt 0.357316 0.076893
vt 0.302322 0.075873
vt 0.316201 0.079831
vt 0.309227 0.079208
vt 0.323062 0.080169
vt 0.329911 0.080302
vt 0.336735 0.080257
vt 0.343544 0.080053
vt 0.350446 0.079660
vt 0.357568 0.079049
vt 0.301794 0.078204
vt 0.316070 0.081963
vt 0.309061 0.081322
vt 0.322990 0.082327
vt 0.329902 0.082477
vt 0.336780 0.082417
vt 0.343641 0.082193
vt 0.350588 0.081781
vt 0.357728 0.081163
vt 0.301599 0.080547
vt 0.973271 0.036989
vt 0.967398 0.034882
vt 0.967988 0.034218
vt 0.973292 0.036123
vt 0.964285 0.029481
vt 0.965178 0.029338
vt 0.965408 0.023296
vt 0.966193 0.023755
vt 0.970260 0.019244
vt 0.970569 0.020099
vt 0.976542 0.019245
vt 0.976241 0.020097
vt 0.981299 0.023263
vt 0.980541 0.023726
vt 0.982332 0.029411
vt 0.981476 0.029279
vt 0.979166 0.034829
vt 0.978617 0.034174
vt 0.968035 0.034161
vt 0.973292 0.036050
vt 0.965250 0.029325
vt 0.966256 0.023792
vt 0.970594 0.020168
vt 0.976216 0.020166
vt 0.980477 0.023762
vt 0.981403 0.029266
vt 0.978570 0.034118
vt 0.970800 0.020731
vt 0.976011 0.020728
vt 0.975984 0.020800
vt 0.970826 0.020802
vt 0.966775 0.024091
vt 0.966841 0.024129
vt 0.965839 0.029219
vt 0.965914 0.029206
vt 0.968416 0.033700
vt 0.968465 0.033642
vt 0.973287 0.035451
vt 0.973287 0.035375
vt 0.978184 0.033660
vt 0.978135 0.033601
vt 0.980814 0.029160
vt 0.980739 0.029146
vt 0.979957 0.024059
vt 0.979891 0.024097
vt 0.674025 0.094890
vt 0.683447 0.102866
vt 0.671950 0.082640
vt 0.678226 0.071852
vt 0.689897 0.067598
vt 0.701490 0.071842
vt 0.707611 0.082599
vt 0.705378 0.094862
vt 0.695823 0.102866
vt 0.788854 0.084095
vt 0.315617 0.089669
vt 0.789110 0.089227
vt 0.771303 0.094071
vt 0.769124 0.089228
vt 0.769367 0.084092
vt 0.772049 0.079766
vt 0.776527 0.077271
vt 0.781680 0.077294
vt 0.310221 0.072276
vt 0.976570 0.019166
vt 0.362656 0.070963
vt 0.356525 0.072113
vt 0.350009 0.072775
vt 0.343398 0.072986
vt 0.336745 0.073083
vt 0.330035 0.073027
vt 0.323328 0.073020
vt 0.795109 0.100531
vt 0.758566 0.091010
vt 0.799657 0.091001
vt 0.799072 0.080588
vt 0.793555 0.071778
vt 0.784385 0.066717
vt 0.773834 0.066697
vt 0.764647 0.071776
vt 0.759141 0.080599
vt 0.363820 0.088543
vt 0.363762 0.088377
vt 0.365126 0.082895
vt 0.365243 0.080533
vt 0.365117 0.078195
vt 0.364632 0.075842
vt 0.363872 0.073471
vt 0.304246 0.071086
vt 0.302149 0.085541
vt 0.763201 0.100469
vt 0.765808 0.098052
vt 0.767766 0.096525
vt 0.769512 0.095361
vt 0.786908 0.094062
vt 0.763128 0.100538
vn 0.504519 0.863401 0.000000
vn 0.504519 0.863401 0.000000
vn 0.504519 0.863401 0.000000
vn 0.504519 0.863401 0.000000
vn -0.175685 0.984446 0.000000
vn -0.175685 0.984446 0.000000
vn -0.175685 0.984446 0.000000
vn -0.175685 0.984446 0.000000
vn -0.769836 0.638242 0.000000
vn -0.769836 0.638242 0.000000
vn -0.769835 0.638242 0.000000
vn -0.769835 0.638242 0.000000
vn -1.000000 0.000001 0.000000
vn -1.000000 0.000001 0.000000
vn -1.000000 0.000001 0.000000
vn -1.000000 0.000001 0.000000
vn -0.769835 -0.638243 -0.000000
vn -0.769835 -0.638243 -0.000000
vn -0.769835 -0.638243 -0.000000
vn -0.769835 -0.638243 -0.000000
vn -0.175685 -0.984446 -0.000000
vn -0.175685 -0.984446 -0.000000
vn -0.175685 -0.984446 -0.000000
vn -0.175685 -0.984446 -0.000000
vn 0.504519 -0.863401 -0.000000
vn 0.504519 -0.863401 -0.000000
vn 0.504519 -0.863401 -0.000000
vn 0.504519 -0.863401 -0.000000
vn 0.941002 -0.338401 -0.000000
vn 0.941002 -0.338401 -0.000000
vn 0.941002 -0.338402 -0.000000
vn 0.941002 -0.338402 -0.000000
vn 0.941002 0.338401 0.000000
vn 0.941002 0.338401 0.000000
vn 0.941002 0.338402 0.000000
vn 0.941002 0.338402 0.000000
vn 0.000000 0.000000 -1.000000
vn 0.000000 0.000000 -1.000000
vn 0.000000 0.000000 -1.000000
vn 0.000000 0.000000 -1.000000
vn 0.000000 0.000000 -1.000000
vn 0.000000 0.000000 -1.000000
vn 0.000000 0.000000 -1.000000
vn 0.000000 0.000000 -1.000000
vn 0.000000 0.000000 -1.000000
vn 0.000000 0.000000 -1.000000
vn 0.000000 -0.000000 1.000000
vn 0.000000 -0.000000 1.000000
vn 0.000000 -0.000000 1.000000
vn 0.000000 0.000000 1.000000
vn 0.000000 0.000000 1.000000
vn 0.000000 -0.000000 1.000000
vn 0.000000 -0.000000 1.000000
vn 0.000000 -0.000000 1.000000
vn 0.000000 0.000000 1.000000
vn 0.000000 -0.000000 1.000000
vn 0.481763 0.824458 0.296941
vn 0.481955 0.824787 0.295712
vn 0.259320 0.443784 0.857793
vn 0.259320 0.443784 0.857793
vn -0.167388 0.937953 0.303685
vn -0.167467 0.938397 0.302266
vn -0.088684 0.496941 0.863241
vn -0.088684 0.496941 0.863241
vn -0.732725 0.607475 0.306737
vn -0.732956 0.607667 0.305804
vn -0.385137 0.319303 0.865861
vn -0.385137 0.319303 0.865861
vn -0.951730 0.000001 0.306935
vn -0.951730 0.000001 0.306935
vn -0.499399 0.000000 0.866372
vn -0.499399 0.000000 0.866372
vn -0.732944 -0.607658 0.305852
vn -0.732713 -0.607467 0.306781
vn -0.385136 -0.319303 0.865861
vn -0.385136 -0.319303 0.865861
vn -0.167465 -0.938382 0.302315
vn -0.167386 -0.937938 0.303733
vn -0.088684 -0.496938 0.863243
vn -0.088684 -0.496938 0.863243
vn 0.481955 -0.824787 0.295711
vn 0.481763 -0.824458 0.296941
vn 0.259319 -0.443783 0.857794
vn 0.259319 -0.443783 0.857794
vn 0.900519 -0.323843 0.290158
vn 0.900382 -0.323794 0.290637
vn 0.491533 -0.176764 0.852731
vn 0.491533 -0.176764 0.852731
vn 0.900381 0.323794 0.290639
vn 0.900518 0.323843 0.290160
vn 0.491534 0.176764 0.852730
vn 0.491534 0.176764 0.852730
vn -0.631970 -0.523946 0.571047
vn -0.631913 -0.523899 0.571152
vn -0.593547 -0.492092 0.636826
vn -0.593547 -0.492092 0.636826
vn -0.820247 0.000001 0.572010
vn -0.820247 0.000001 0.572010
vn -0.770268 0.000002 0.637720
vn -0.770268 0.000002 0.637720
vn -0.631913 0.523897 0.571155
vn -0.631970 0.523944 0.571049
vn -0.593548 0.492089 0.636828
vn -0.593548 0.492089 0.636828
vn -0.144767 0.811201 0.566564
vn -0.144787 0.811311 0.566403
vn -0.136111 0.762691 0.632279
vn -0.136111 0.762691 0.632279
vn 0.418950 0.716967 0.557171
vn 0.418998 0.717049 0.557029
vn 0.394645 0.675374 0.622997
vn 0.394645 0.675374 0.622997
vn 0.786719 0.282915 0.548665
vn 0.786753 0.282928 0.548609
vn 0.742316 0.266947 0.614578
vn 0.742316 0.266947 0.614578
vn 0.786752 -0.282928 0.548610
vn 0.786717 -0.282916 0.548666
vn 0.742315 -0.266948 0.614579
vn 0.742315 -0.266948 0.614579
vn 0.418999 -0.717047 0.557031
vn 0.418951 -0.716965 0.557173
vn 0.394646 -0.675371 0.623000
vn 0.394646 -0.675371 0.623000
vn -0.144789 -0.811310 0.566403
vn -0.144769 -0.811201 0.566564
vn -0.136113 -0.762691 0.632279
vn -0.136113 -0.762691 0.632278
vn -0.606492 -0.502822 0.615903
vn -0.606582 -0.502897 0.615754
vn -0.787172 0.000001 0.616733
vn -0.787172 0.000001 0.616733
vn -0.606582 0.502896 0.615754
vn -0.606493 0.502822 0.615903
vn -0.139060 0.779224 0.611123
vn -0.139029 0.779050 0.611353
vn 0.402938 0.689564 0.601783
vn 0.402861 0.689432 0.601985
vn 0.757438 0.272387 0.593374
vn 0.757382 0.272367 0.593455
vn 0.757383 -0.272367 0.593453
vn 0.757439 -0.272387 0.593373
vn 0.402862 -0.689434 0.601983
vn 0.402939 -0.689566 0.601780
vn -0.139030 -0.779051 0.611351
vn -0.139061 -0.779226 0.611121
vn -0.451571 -0.374382 0.809890
vn -0.451826 -0.374594 0.809650
vn -0.585837 0.000000 0.810429
vn -0.585838 0.000000 0.810429
vn -0.451826 0.374593 0.809650
vn -0.451571 0.374381 0.809890
vn -0.103937 0.582413 0.806220
vn -0.103848 0.581914 0.806593
vn 0.303195 0.518870 0.799279
vn 0.302970 0.518484 0.799615
vn 0.573333 0.206180 0.792956
vn 0.573167 0.206121 0.793091
vn 0.573166 -0.206121 0.793092
vn 0.573333 -0.206181 0.792956
vn 0.302970 -0.518484 0.799614
vn 0.303194 -0.518869 0.799280
vn -0.103849 -0.581915 0.806592
vn -0.103938 -0.582414 0.806220
vn 0.404092 0.691538 -0.598736
vn 0.404091 0.691535 -0.598740
vn 0.388638 0.665091 -0.637663
vn 0.388638 0.665091 -0.637663
vn -0.139472 0.781514 -0.608099
vn -0.139471 0.781510 -0.608103
vn -0.133980 0.750741 -0.646867
vn -0.133980 0.750741 -0.646867
vn -0.608415 0.504416 -0.612695
vn -0.608413 0.504414 -0.612698
vn -0.584116 0.484270 -0.651376
vn -0.584116 0.484270 -0.651376
vn -0.789618 0.000001 -0.613599
vn -0.789618 0.000001 -0.613599
vn -0.757995 0.000001 -0.652260
vn -0.757995 0.000001 -0.652260
vn -0.608415 -0.504415 -0.612697
vn -0.608416 -0.504416 -0.612694
vn -0.584117 -0.484270 -0.651375
vn -0.584117 -0.484270 -0.651375
vn -0.139468 -0.781513 -0.608101
vn -0.139468 -0.781516 -0.608096
vn -0.133976 -0.750742 -0.646867
vn -0.133976 -0.750742 -0.646868
vn 0.404088 -0.691537 -0.598741
vn 0.404089 -0.691539 -0.598737
vn 0.388635 -0.665092 -0.637663
vn 0.388635 -0.665092 -0.637663
vn 0.759584 -0.273159 -0.590268
vn 0.759585 -0.273160 -0.590267
vn 0.731309 -0.262991 -0.629303
vn 0.731309 -0.262991 -0.629303
vn 0.759586 0.273160 -0.590264
vn 0.759586 0.273160 -0.590266
vn 0.731309 0.262991 -0.629303
vn 0.731309 0.262991 -0.629303
vn 0.442941 0.758024 -0.478752
vn 0.442941 0.758024 -0.478752
vn 0.476941 0.816207 -0.326089
vn 0.476908 0.816150 -0.326278
vn -0.153366 0.859382 -0.487792
vn -0.153366 0.859382 -0.487792
vn -0.165643 0.928175 -0.333248
vn -0.165630 0.928099 -0.333466
vn -0.670101 0.555558 -0.492260
vn -0.670101 0.555558 -0.492260
vn -0.724842 0.600942 -0.336856
vn -0.724803 0.600910 -0.337000
vn -0.869948 0.000001 -0.493143
vn -0.869948 0.000001 -0.493143
vn -0.941277 0.000000 -0.337636
vn -0.941277 0.000000 -0.337636
vn -0.670101 -0.555557 -0.492261
vn -0.670101 -0.555557 -0.492261
vn -0.724802 -0.600909 -0.337001
vn -0.724842 -0.600942 -0.336857
vn -0.153364 -0.859380 -0.487797
vn -0.153364 -0.859380 -0.487797
vn -0.165629 -0.928098 -0.333468
vn -0.165643 -0.928174 -0.333251
vn 0.442939 -0.758023 -0.478755
vn 0.442939 -0.758023 -0.478755
vn 0.476906 -0.816150 -0.326280
vn 0.476939 -0.816206 -0.326092
vn 0.830266 -0.298577 -0.470648
vn 0.830266 -0.298577 -0.470648
vn 0.891572 -0.320625 -0.319843
vn 0.891595 -0.320633 -0.319770
vn 0.830266 0.298578 -0.470648
vn 0.830266 0.298577 -0.470647
vn 0.891595 0.320633 -0.319770
vn 0.891572 0.320625 -0.319843
vn -0.154558 -0.866051 0.475466
vn -0.154534 -0.865915 0.475721
vn -0.141048 -0.790340 0.596211
vn -0.141048 -0.790340 0.596211
vn -0.675377 -0.559933 0.479938
vn -0.675307 -0.559875 0.480105
vn -0.615391 -0.510201 0.600824
vn -0.615391 -0.510201 0.600824
vn -0.876779 0.000001 0.480894
vn -0.876779 0.000001 0.480894
vn -0.798699 0.000001 0.601731
vn -0.798699 0.000001 0.601731
vn -0.675309 0.559874 0.480103
vn -0.675380 0.559932 0.479935
vn -0.615392 0.510199 0.600824
vn -0.615392 0.510199 0.600824
vn -0.154532 0.865916 0.475720
vn -0.154556 0.866051 0.475465
vn -0.141044 0.790338 0.596215
vn -0.141044 0.790338 0.596215
vn 0.446187 0.763578 0.466761
vn 0.446246 0.763679 0.466539
vn 0.408512 0.699104 0.586832
vn 0.408512 0.699104 0.586832
vn 0.836177 0.300704 0.458678
vn 0.836219 0.300719 0.458591
vn 0.767660 0.276064 0.578349
vn 0.767660 0.276064 0.578349
vn 0.836219 -0.300719 0.458591
vn 0.836177 -0.300703 0.458678
vn 0.767660 -0.276064 0.578348
vn 0.767660 -0.276064 0.578348
vn 0.446246 -0.763681 0.466537
vn 0.446187 -0.763579 0.466759
vn 0.408512 -0.699104 0.586832
vn 0.408512 -0.699104 0.586832
vn -0.168556 -0.944502 0.281966
vn -0.168552 -0.944481 0.282037
vn -0.737883 -0.611754 0.285108
vn -0.737872 -0.611745 0.285155
vn -0.958305 0.000002 0.285749
vn -0.958305 0.000002 0.285749
vn -0.737874 0.611744 0.285153
vn -0.737884 0.611753 0.285106
vn -0.168554 0.944481 0.282037
vn -0.168558 0.944502 0.281966
vn 0.484957 0.829924 0.275759
vn 0.484966 0.829939 0.275697
vn 0.906009 0.325817 0.270169
vn 0.906015 0.325819 0.270146
vn 0.906015 -0.325819 0.270146
vn 0.906009 -0.325817 0.270170
vn 0.484964 -0.829941 0.275694
vn 0.484955 -0.829926 0.275756
vn -0.174945 -0.980310 0.091579
vn -0.174945 -0.980306 0.091623
vn -0.766521 -0.635497 0.092681
vn -0.766519 -0.635495 0.092709
vn -0.995674 0.000001 0.092914
vn -0.995674 0.000001 0.092914
vn -0.766519 0.635494 0.092711
vn -0.766522 0.635496 0.092682
vn -0.174947 0.980306 0.091619
vn -0.174948 0.980310 0.091576
vn 0.502497 0.859942 0.089426
vn 0.502499 0.859945 0.089389
vn 0.937394 0.337104 0.087480
vn 0.937396 0.337104 0.087466
vn 0.937396 -0.337104 0.087466
vn 0.937394 -0.337104 0.087480
vn 0.502496 -0.859946 0.089392
vn 0.502495 -0.859943 0.089429
vn -0.174817 -0.979582 -0.099285
vn -0.174817 -0.979580 -0.099309
vn -0.765938 -0.635014 -0.100480
vn -0.765937 -0.635013 -0.100496
vn -0.994915 0.000000 -0.100721
vn -0.994915 0.000000 -0.100721
vn -0.765937 0.635013 -0.100495
vn -0.765938 0.635014 -0.100479
vn -0.174818 0.979579 -0.099313
vn -0.174818 0.979582 -0.099289
vn 0.502142 0.859334 -0.096942
vn 0.502143 0.859336 -0.096922
vn 0.936760 0.336876 -0.094840
vn 0.936761 0.336876 -0.094832
vn 0.936761 -0.336876 -0.094832
vn 0.936760 -0.336876 -0.094840
vn 0.502142 -0.859337 -0.096920
vn 0.502141 -0.859335 -0.096940
vn 0.000000 0.000001 1.000000
vn 0.000000 0.000001 1.000000
vn 0.000000 0.000001 1.000000
vn 0.000000 0.000001 1.000000
vn 0.000000 0.000000 1.000000
vn 0.000000 0.000000 1.000000
vn 0.000000 0.000000 1.000000
vn 0.000000 0.000000 1.000000
vn 0.000000 0.000000 1.000000
vn 0.000000 0.000000 1.000000
vn 0.000000 0.000000 1.000000
vn 0.000000 0.000000 1.000000
vn 0.000000 -0.000000 1.000000
vn 0.000000 -0.000000 1.000000
vn 0.000000 -0.000000 1.000000
vn 0.000000 -0.000000 1.000000
vn 0.000000 -0.000001 1.000000
vn 0.000000 -0.000001 1.000000
vn 0.000000 -0.000001 1.000000
vn 0.000000 -0.000001 1.000000
vn 0.000000 0.000000 1.000000
vn 0.000000 0.000000 1.000000
vn 0.000000 0.000000 1.000000
vn 0.000000 0.000000 1.000000
vn 0.000000 0.000000 1.000000
vn 0.000000 0.000000 1.000000
vn 0.000000 0.000000 1.000000
vn 0.000000 0.000000 1.000000
vn 0.000000 -0.000001 1.000000
vn 0.000000 -0.000001 1.000000
vn 0.000000 -0.000001 1.000000
vn 0.000000 -0.000001 1.000000
vn 0.000000 0.000000 1.000000
vn 0.000000 0.000000 1.000000
vn 0.000000 0.000000 1.000000
vn 0.000000 0.000000 1.000000
vn -0.504514 -0.863404 -0.000000
vn -0.504514 -0.863404 -0.000000
vn -0.504513 -0.863404 -0.000000
vn -0.504513 -0.863404 -0.000000
vn 0.175684 -0.984447 -0.000000
vn 0.175684 -0.984447 -0.000000
vn 0.175682 -0.984447 -0.000000
vn 0.175682 -0.984447 -0.000000
vn 0.769834 -0.638245 -0.000000
vn 0.769834 -0.638245 -0.000000
vn 0.769836 -0.638242 -0.000000
vn 0.769836 -0.638242 -0.000000
vn 1.000000 0.000000 0.000000
vn 1.000000 0.000000 0.000000
vn 1.000000 0.000000 0.000000
vn 1.000000 0.000000 0.000000
vn 0.769834 0.638245 0.000000
vn 0.769834 0.638245 0.000000
vn 0.769836 0.638242 0.000000
vn 0.769836 0.638242 0.000000
vn 0.175690 0.984446 0.000000
vn 0.175690 0.984446 0.000000
vn 0.175687 0.984446 0.000000
vn 0.175687 0.984446 0.000000
vn -0.504514 0.863404 0.000000
vn -0.504514 0.863404 0.000000
vn -0.504513 0.863404 0.000000
vn -0.504513 0.863404 0.000000
vn -0.941003 0.338399 0.000000
vn -0.941003 0.338399 0.000000
vn -0.941003 0.338399 0.000000
vn -0.941003 0.338399 0.000000
vn -0.941003 -0.338399 -0.000000
vn -0.941003 -0.338399 -0.000000
vn -0.941003 -0.338399 -0.000000
vn -0.941003 -0.338399 -0.000000
vn 0.769836 0.638242 0.000000
vn 0.769836 0.638242 0.000000
vn 0.769832 0.638246 0.000000
vn 0.769832 0.638246 0.000000
vn 1.000000 0.000000 0.000000
vn 1.000000 0.000000 0.000000
vn 1.000000 0.000000 0.000000
vn 1.000000 0.000000 0.000000
vn 0.769836 -0.638242 -0.000000
vn 0.769836 -0.638242 -0.000000
vn 0.769832 -0.638246 -0.000000
vn 0.769832 -0.638246 -0.000000
vn 0.175682 -0.984447 -0.000000
vn 0.175682 -0.984447 -0.000000
vn 0.175682 -0.984447 -0.000000
vn 0.175682 -0.984447 -0.000000
vn -0.504512 -0.863404 -0.000000
vn -0.504512 -0.863404 -0.000000
vn -0.504512 -0.863405 -0.000000
vn -0.504512 -0.863405 -0.000000
vn -0.941003 -0.338399 -0.000000
vn -0.941003 -0.338399 -0.000000
vn -0.941003 -0.338398 -0.000000
vn -0.941003 -0.338398 -0.000000
vn -0.941003 0.338399 0.000000
vn -0.941003 0.338399 0.000000
vn -0.941003 0.338398 0.000000
vn -0.941003 0.338398 0.000000
vn -0.504512 0.863404 0.000000
vn -0.504512 0.863404 0.000000
vn -0.504512 0.863405 0.000000
vn -0.504512 0.863405 0.000000
vn 0.175687 0.984446 0.000000
vn 0.175687 0.984446 0.000000
vn 0.175688 0.984446 0.000000
vn 0.175688 0.984446 0.000000
vn -0.615396 -0.510208 0.600812
vn -0.615396 -0.510208 0.600812
vn -0.798695 -0.000000 0.601737
vn -0.798695 -0.000000 0.601737
vn -0.615353 0.510171 0.600888
vn -0.615353 0.510171 0.600888
vn -0.141023 0.790199 0.596405
vn -0.141023 0.790199 0.596405
vn 0.408490 0.699056 0.586904
vn 0.408490 0.699056 0.586904
vn 0.767641 0.276053 0.578378
vn 0.767641 0.276053 0.578378
vn 0.767641 -0.276058 0.578376
vn 0.767641 -0.276058 0.578376
vn 0.408491 -0.699053 0.586906
vn 0.408491 -0.699053 0.586906
vn -0.141039 -0.790289 0.596281
vn -0.141039 -0.790289 0.596281
vn -0.175685 -0.984446 -0.000000
vn -0.175685 -0.984446 -0.000000
vn -0.769835 -0.638243 -0.000000
vn -0.769835 -0.638243 -0.000000
vn -1.000000 0.000001 0.000000
vn -1.000000 0.000001 0.000000
vn -0.769835 0.638242 0.000000
vn -0.769835 0.638242 0.000000
vn -0.175685 0.984446 0.000000
vn -0.175685 0.984446 0.000000
vn 0.504519 0.863401 0.000000
vn 0.504519 0.863401 0.000000
vn 0.941002 0.338402 0.000000
vn 0.941002 0.338402 0.000000
vn 0.941002 -0.338402 -0.000000
vn 0.941002 -0.338402 -0.000000
vn 0.504519 -0.863401 -0.000000
vn 0.504519 -0.863401 -0.000000
vn 0.175679 -0.984447 -0.000000
vn 0.175679 -0.984447 -0.000000
vn -0.504515 -0.863403 -0.000000
vn -0.504515 -0.863403 -0.000000
vn -0.941005 -0.338392 -0.000000
vn -0.941005 -0.338392 -0.000000
vn -0.941005 0.338392 0.000000
vn -0.941005 0.338392 0.000000
vn -0.504515 0.863403 0.000000
vn -0.504515 0.863403 0.000000
vn 0.175685 0.984446 0.000000
vn 0.175685 0.984446 0.000000
vn 0.769825 0.638255 0.000000
vn 0.769825 0.638255 0.000000
vn 1.000000 0.000000 0.000000
vn 1.000000 0.000000 0.000000
vn 0.769825 -0.638255 -0.000000
vn 0.769825 -0.638255 -0.000000
s 1
g pCylinder1
usemtl initialShadingGroup
f 307/394/463 308/395/464 485/396/465 486/397/466
s 2
f 308/395/467 309/398/468 484/399/469 485/396/470
s 3
f 309/398/471 310/400/472 483/401/473 484/399/474
s 4
f 310/400/475 311/402/476 482/403/477 483/401/478
s 5
f 311/402/479 312/404/480 481/405/481 482/403/482
s 6
f 312/404/483 313/406/484 480/407/485 481/405/486
s 7
f 313/406/487 314/408/488 488/409/489 480/407/490
s 8
f 314/408/491 315/410/492 487/411/493 488/409/494
s 9
f 315/410/495 307/394/496 486/397/497 487/411/498
s 10
f 308/395/499 307/394/500 325/412/501
f 309/398/502 308/395/499 325/412/501
f 310/400/503 309/398/502 325/412/501
f 311/402/504 310/400/503 325/412/501
f 312/404/505 311/402/504 325/412/501
f 313/406/506 312/404/505 325/412/501
f 314/408/507 313/406/506 325/412/501
f 315/410/508 314/408/507 325/412/501
f 307/394/500 315/410/508 325/412/501
s 11
f 434/413/509 435/414/510 436/415/511
f 435/414/510 437/416/512 436/415/511
f 437/416/512 438/417/513 436/415/511
f 438/417/513 439/418/514 436/415/511
f 439/418/514 440/419/515 436/415/511
f 440/419/515 441/420/516 436/415/511
f 441/420/516 442/421/517 436/415/511
f 442/421/517 443/422/518 436/415/511
f 443/422/518 434/413/509 436/415/511
s 1
f 316/622/519 317/629/520 512/425/521 513/426/522
s 2
f 317/629/523 318/628/524 511/428/525 512/425/526
s 3
f 318/628/527 319/627/528 510/430/529 511/428/530
s 4
f 319/627/531 320/626/532 509/432/533 510/430/534
s 5
f 320/626/535 321/625/536 508/434/537 509/432/538
s 6
f 321/625/539 322/624/540 507/436/541 508/434/542
s 7
f 322/624/543 323/623/544 515/438/545 507/436/546
s 8
f 323/623/547 324/621/548 514/440/549 515/438/550
s 9
f 324/644/551 316/622/552 513/426/553 514/639/554
s 5
f 336/441/555 335/442/556 489/443/557 490/611/558
s 4
f 337/445/559 336/441/560 490/611/561 491/610/562
s 3
f 338/447/563 337/445/564 491/610/565 492/609/566
s 2
f 339/449/567 338/447/568 492/609/569 493/608/570
s 1
f 340/451/571 339/449/572 493/608/573 494/607/574
s 9
f 341/642/575 340/451/576 494/607/577 495/606/578
s 8
f 342/455/579 341/453/580 495/643/581 496/605/582
s 7
f 343/457/583 342/455/584 496/605/585 497/603/586
s 6
f 335/442/587 343/457/588 497/603/589 489/443/590
s 5
f 345/459/591 344/460/592 335/442/556 336/441/555
s 4
f 346/461/593 345/459/594 336/441/560 337/445/559
s 3
f 347/462/595 346/461/596 337/445/564 338/447/563
s 2
f 348/463/597 347/462/598 338/447/568 339/449/567
s 1
f 349/464/599 348/463/600 339/449/572 340/451/571
s 9
f 350/641/601 349/464/602 340/451/576 341/642/575
s 8
f 351/466/603 350/465/604 341/453/580 342/455/579
s 7
f 352/467/605 351/466/606 342/455/584 343/457/583
s 6
f 344/460/607 352/467/608 343/457/588 335/442/587
s 5
f 354/468/609 353/469/610 344/460/592 345/459/591
s 4
f 355/470/611 354/468/612 345/459/594 346/461/593
s 3
f 356/471/613 355/470/614 346/461/596 347/462/595
s 2
f 357/472/615 356/471/616 347/462/598 348/463/597
s 1
f 358/473/617 357/472/618 348/463/600 349/464/599
s 9
f 359/640/619 358/473/620 349/464/602 350/641/601
s 8
f 360/475/621 359/474/622 350/465/604 351/466/603
s 7
f 361/476/623 360/475/624 351/466/606 352/467/605
s 6
f 353/469/625 361/476/626 352/467/608 344/460/607
s 1
f 326/477/627 327/478/628 363/479/629 362/480/630
s 2
f 327/478/631 328/481/632 364/482/633 363/479/634
s 3
f 328/481/635 329/483/636 365/484/637 364/482/638
s 4
f 329/483/639 330/485/640 366/486/641 365/484/642
s 5
f 330/485/643 331/487/644 367/488/645 366/486/646
s 6
f 331/487/647 332/489/648 368/490/649 367/488/650
s 7
f 332/489/651 333/491/652 369/638/653 368/490/654
s 8
f 333/631/655 334/493/656 370/494/657 369/492/658
s 9
f 334/493/659 326/477/660 362/480/661 370/494/662
s 30
f 362/480/663 363/479/664 421/495/665 422/496/666
s 31
f 363/479/667 364/482/668 420/497/669 421/495/670
s 32
f 364/482/671 365/484/672 419/498/673 420/497/674
s 33
f 365/484/675 366/486/676 418/499/677 419/498/678
s 34
f 366/486/679 367/488/680 417/500/681 418/499/682
s 35
f 367/488/683 368/490/684 416/501/685 417/500/686
s 36
f 368/490/687 369/638/688 424/502/689 416/501/690
s 37
f 369/492/691 370/494/692 423/503/693 424/632/694
s 38
f 370/494/695 362/480/696 422/496/697 423/503/698
s 35
f 381/504/699 380/505/700 470/612/701 462/507/702
s 34
f 382/508/703 381/504/704 462/507/705 463/620/706
s 33
f 383/510/707 382/508/708 463/620/709 464/619/710
s 32
f 384/512/711 383/510/712 464/619/713 465/618/714
s 31
f 385/514/715 384/512/716 465/618/717 466/617/718
s 30
f 386/516/719 385/514/720 466/617/721 467/616/722
s 38
f 387/518/723 386/516/724 467/616/725 468/615/726
s 37
f 388/636/727 387/518/728 468/615/729 469/614/730
s 36
f 380/505/731 388/520/732 469/637/733 470/612/734
s 35
f 390/522/735 389/523/736 380/505/700 381/504/699
s 34
f 391/524/737 390/522/738 381/504/704 382/508/703
s 33
f 392/525/739 391/524/740 382/508/708 383/510/707
s 32
f 393/526/741 392/525/742 383/510/712 384/512/711
s 31
f 394/527/743 393/526/744 384/512/716 385/514/715
s 30
f 395/528/745 394/527/746 385/514/720 386/516/719
s 38
f 396/529/747 395/528/748 386/516/724 387/518/723
s 37
f 397/635/749 396/529/750 387/518/728 388/636/727
s 36
f 389/523/751 397/530/752 388/520/732 380/505/731
s 35
f 399/531/753 398/532/754 389/523/736 390/522/735
s 34
f 400/533/755 399/531/756 390/522/738 391/524/737
s 33
f 401/534/757 400/533/758 391/524/740 392/525/739
s 32
f 402/535/759 401/534/760 392/525/742 393/526/741
s 31
f 403/536/761 402/535/762 393/526/744 394/527/743
s 30
f 404/537/763 403/536/764 394/527/746 395/528/745
s 38
f 405/538/765 404/537/766 395/528/748 396/529/747
s 37
f 406/634/767 405/538/768 396/529/750 397/635/749
s 36
f 398/532/769 406/539/770 397/530/752 389/523/751
s 35
f 408/540/771 407/541/772 398/532/754 399/531/753
s 34
f 409/542/773 408/540/774 399/531/756 400/533/755
s 33
f 410/543/775 409/542/776 400/533/758 401/534/757
s 32
f 411/544/777 410/543/778 401/534/760 402/535/759
s 31
f 412/545/779 411/544/780 402/535/762 403/536/761
s 30
f 413/546/781 412/545/782 403/536/764 404/537/763
s 38
f 414/547/783 413/546/784 404/537/766 405/538/765
s 37
f 415/633/785 414/547/786 405/538/768 406/634/767
s 36
f 407/541/787 415/548/788 406/539/770 398/532/769
s 35
f 417/500/686 416/501/685 407/541/772 408/540/771
s 34
f 418/499/682 417/500/681 408/540/774 409/542/773
s 33
f 419/498/678 418/499/677 409/542/776 410/543/775
s 32
f 420/497/674 419/498/673 410/543/778 411/544/777
s 31
f 421/495/670 420/497/669 411/544/780 412/545/779
s 30
f 422/496/666 421/495/665 412/545/782 413/546/781
s 38
f 423/503/698 422/496/697 413/546/784 414/547/783
s 37
f 424/632/694 423/503/693 414/547/786 415/633/785
s 36
f 416/501/690 424/502/689 415/548/788 407/541/787
s off
f 371/549/789 372/550/790 426/551/791 425/552/792
f 372/550/793 373/553/794 427/554/795 426/551/796
f 373/553/797 374/555/798 428/556/799 427/554/800
f 374/555/801 375/557/802 429/558/803 428/556/804
f 375/557/805 376/559/806 430/560/807 429/558/808
f 376/559/809 377/561/810 431/562/811 430/560/812
f 377/561/813 378/563/814 432/564/815 431/562/816
f 378/563/817 379/565/818 433/566/819 432/564/820
f 379/565/821 371/549/822 425/552/823 433/566/824
s 48
f 425/552/825 426/551/826 457/567/827 458/568/828
s 49
f 426/551/829 427/554/830 456/569/831 457/567/832
s 50
f 427/554/833 428/556/834 455/570/835 456/569/836
s 51
f 428/556/837 429/558/838 454/571/839 455/570/840
s 52
f 429/558/841 430/560/842 453/572/843 454/571/844
s 53
f 430/560/845 431/562/846 461/573/847 453/572/848
s 54
f 431/562/849 432/564/850 460/574/851 461/573/852
s 55
f 432/564/853 433/566/854 459/575/855 460/574/856
s 56
f 433/566/857 425/552/858 458/568/859 459/575/860
s 52
f 445/576/861 444/577/862 504/578/863 505/579/864
s 51
f 446/580/865 445/576/866 505/579/867 506/581/868
s 50
f 447/582/869 446/580/870 506/581/871 498/583/872
s 49
f 448/584/873 447/582/874 498/583/875 499/585/876
s 48
f 449/586/877 448/584/878 499/585/879 500/587/880
s 56
f 450/588/881 449/586/882 500/587/883 501/589/884
s 55
f 451/590/885 450/588/886 501/589/887 502/591/888
s 54
f 452/592/889 451/590/890 502/591/891 503/593/892
s 53
f 444/577/893 452/592/894 503/593/895 504/578/896
s 52
f 454/571/844 453/572/843 444/577/862 445/576/861
s 51
f 455/570/840 454/571/839 445/576/866 446/580/865
s 50
f 456/569/836 455/570/835 446/580/870 447/582/869
s 49
f 457/567/832 456/569/831 447/582/874 448/584/873
s 48
f 458/568/828 457/567/827 448/584/878 449/586/877
s 56
f 459/575/860 458/568/859 449/586/882 450/588/881
s 55
f 460/574/856 459/575/855 450/588/886 451/590/885
s 54
f 461/573/852 460/574/851 451/590/890 452/592/889
s 53
f 453/572/848 461/573/847 452/592/894 444/577/893
s 34
f 463/509/706 462/613/705 376/559/897 375/557/898
s 33
f 464/511/710 463/509/709 375/557/899 374/555/900
s 32
f 465/513/714 464/511/713 374/555/901 373/553/902
s 31
f 466/515/718 465/513/717 373/553/903 372/550/904
s 30
f 467/517/722 466/515/721 372/550/905 371/549/906
s 38
f 468/519/726 467/517/725 371/549/907 379/565/908
s 37
f 469/521/730 468/519/729 379/565/909 378/563/910
s 36
f 470/506/734 469/521/733 378/563/911 377/561/912
s 35
f 462/613/702 470/506/701 377/561/913 376/559/914
s 6
f 472/594/915 471/595/916 322/435/540 321/433/539
s 5
f 473/596/917 472/594/918 321/433/536 320/431/535
s 4
f 474/597/919 473/596/920 320/431/532 319/429/531
s 3
f 475/598/921 474/597/922 319/429/528 318/427/527
s 2
f 476/599/923 475/598/924 318/427/524 317/424/523
s 1
f 477/600/925 476/599/926 317/424/520 316/423/519
s 9
f 478/601/927 477/600/928 316/423/552 324/439/551
s 8
f 479/602/929 478/601/930 324/439/548 323/437/547
s 7
f 471/595/931 479/602/932 323/437/544 322/435/543
s 6
f 481/405/486 480/407/485 471/595/916 472/594/915
s 5
f 482/403/482 481/405/481 472/594/918 473/596/917
s 4
f 483/401/478 482/403/477 473/596/920 474/597/919
s 3
f 484/399/474 483/401/473 474/597/922 475/598/921
s 2
f 485/396/470 484/399/469 475/598/924 476/599/923
s 1
f 486/397/466 485/396/465 476/599/926 477/600/925
s 9
f 487/411/498 486/397/497 477/600/928 478/601/927
s 8
f 488/409/494 487/411/493 478/601/930 479/602/929
s 7
f 480/407/490 488/409/489 479/602/932 471/595/931
s 5
f 490/444/558 489/604/557 331/487/644 330/485/643
s 4
f 491/446/562 490/444/561 330/485/640 329/483/639
s 3
f 492/448/566 491/446/565 329/483/636 328/481/635
s 2
f 493/450/570 492/448/569 328/481/632 327/478/631
s 1
f 494/452/574 493/450/573 327/478/628 326/477/627
s 9
f 495/454/578 494/452/577 326/477/660 334/493/659
s 8
f 496/630/582 495/454/581 334/493/656 333/631/655
s 7
f 497/458/586 496/456/585 333/491/652 332/489/651
s 6
f 489/604/590 497/458/589 332/489/648 331/487/647
s 49
f 499/585/876 498/583/875 437/416/933 435/414/934
s 48
f 500/587/880 499/585/879 435/414/935 434/413/936
s 56
f 501/589/884 500/587/883 434/413/937 443/422/938
s 55
f 502/591/888 501/589/887 443/422/939 442/421/940
s 54
f 503/593/892 502/591/891 442/421/941 441/420/942
s 53
f 504/578/896 503/593/895 441/420/943 440/419/944
s 52
f 505/579/864 504/578/863 440/419/945 439/418/946
s 51
f 506/581/868 505/579/867 439/418/947 438/417/948
s 50
f 498/583/872 506/581/871 438/417/949 437/416/950
s 6
f 508/434/542 507/436/541 361/476/626 353/469/625
s 5
f 509/432/538 508/434/537 353/469/610 354/468/609
s 4
f 510/430/534 509/432/533 354/468/612 355/470/611
s 3
f 511/428/530 510/430/529 355/470/614 356/471/613
s 2
f 512/425/526 511/428/525 356/471/616 357/472/615
s 1
f 513/426/522 512/425/521 357/472/618 358/473/617
s 9
f 514/639/554 513/426/553 358/473/620 359/640/619
s 8
f 515/438/550 514/440/549 359/474/622 360/475/621
s 7
f 507/436/546 515/438/545 360/475/624 361/476/623
g default
v 0.608356 4.762890 0.000000
v 0.608356 0.000000 0.000000
v -0.608356 4.762890 0.000000
v -0.608356 0.000000 0.000000
v -0.608356 2.085029 0.000000
v 0.608356 2.085029 0.000000
v -0.608356 4.355072 0.000000
v 0.608356 4.355072 0.000000
v -0.639228 0.000000 0.000000
v -0.639228 2.085029 0.000000
v -0.639228 4.355072 0.000000
v -0.639228 4.762890 0.000000
v 0.639228 0.000000 0.000000
v 0.639228 2.085029 0.000000
v 0.639228 4.355072 0.000000
v 0.639228 4.762890 0.000000
v 0.639228 4.390831 0.000000
v 0.608356 4.390831 0.000000
v -0.608356 4.390831 0.000000
v -0.639228 4.390831 0.000000
v 0.639228 2.061166 0.000000
v 0.608356 2.061166 0.000000
v -0.608356 2.061166 0.000000
v -0.639228 2.061166 0.000000
v 0.608356 4.355072 0.188334
v 0.639228 4.355072 0.188334
v 0.639228 4.390831 0.188334
v 0.608356 4.390831 0.188334
v -0.608356 4.355072 0.188334
v -0.608356 4.390831 0.188334
v -0.639228 4.355072 0.188334
v -0.639228 4.390831 0.188334
v -0.639228 0.000000 0.188334
v -0.639228 2.061166 0.188334
v -0.608356 0.000000 0.188334
v 0.608356 0.000000 0.188334
v 0.608356 2.061166 0.188334
v -0.608356 2.061166 0.188334
v 0.639228 0.000000 0.188334
v 0.639228 2.061166 0.188334
v -0.639228 2.085029 0.188334
v 0.608356 2.085029 0.188334
v 0.639228 2.085029 0.188334
v -0.608356 2.085029 0.188334
v 0.639228 4.762890 0.188334
v 0.608356 4.762890 0.188334
v -0.608356 4.762890 0.188334
v -0.639228 4.762890 0.188334
v 0.608356 4.355072 0.243747
v 0.639228 4.355072 0.243747
v 0.639228 4.390831 0.243747
v 0.608356 4.390831 0.243747
v -0.608356 4.355072 0.243747
v -0.608356 4.390831 0.243747
v 0.608356 2.085029 0.243747
v 0.639228 2.085029 0.243747
v -0.639228 2.085029 0.243747
v -0.639228 4.355072 0.243747
v -0.608356 2.085029 0.243747
v -0.639228 4.390831 0.243747
v 0.639228 2.061166 0.243747
v 0.608356 2.061166 0.243747
v -0.608356 2.061166 0.243747
v -0.639228 2.061166 0.243747
v -1.138522 0.000000 0.047079
v -1.091443 0.000000 0.000000
v -1.091443 2.061166 0.000000
v -1.138522 2.061166 0.047079
v 1.138522 0.000000 0.047079
v 1.091443 0.000000 0.000000
v 1.091443 2.061166 0.000000
v 1.138522 2.061166 0.047079
v -1.091443 2.085029 0.000000
v -1.138522 2.085029 0.047079
v -1.091443 4.355072 0.000000
v -1.138522 4.355072 0.047079
v 1.091443 2.085029 0.000000
v 1.138522 2.085029 0.047079
v 1.091443 4.355072 0.000000
v 1.138522 4.355072 0.047079
v -1.091443 4.390831 0.000000
v -1.138522 4.390831 0.047079
v 1.091443 4.390831 0.000000
v 1.138522 4.390831 0.047079
v 1.138522 4.762890 0.047079
v 1.091443 4.762890 0.000000
v -1.138522 4.762890 0.047079
v -1.091443 4.762890 0.000000
v -1.091443 4.355072 0.188334
v -1.138522 4.355072 0.141255
v -1.138522 4.390831 0.141255
v -1.091443 4.390831 0.188334
v -1.138522 0.000000 0.141255
v -1.091443 0.000000 0.188334
v -1.138522 2.061166 0.141255
v -1.091443 2.061166 0.188334
v -1.091443 2.085029 0.188334
v -1.138522 2.085029 0.141255
v 1.091443 0.000000 0.188334
v 1.138522 0.000000 0.141255
v 1.091443 2.061166 0.188334
v 1.138522 2.061166 0.141255
v 1.138522 2.085029 0.141255
v 1.091443 2.085029 0.188334
v 1.091443 4.355072 0.188334
v 1.138522 4.355072 0.141255
v 1.091443 4.390831 0.188334
v 1.138522 4.390831 0.141255
v 1.091443 4.762890 0.188334
v 1.138522 4.762890 0.141255
v -1.091443 4.762890 0.188334
v -1.138522 4.762890 0.141255
v 0.608356 4.390831 -0.038734
v 0.608356 4.355072 -0.038734
v 0.639228 4.390831 -0.038734
v 0.639228 4.355072 -0.038734
v -0.608356 4.390831 -0.038734
v -0.608356 4.355072 -0.038734
v 0.608356 2.085029 -0.038734
v 0.639228 2.085029 -0.038734
v -0.639228 4.355072 -0.038734
v -0.608356 2.085029 -0.038734
v -0.639228 2.085029 -0.038734
v -0.639228 4.390831 -0.038734
v 0.608356 2.061166 -0.038734
v 0.639228 2.061166 -0.038734
v -0.608356 2.061166 -0.038734
v -0.639228 2.061166 -0.038734
v -0.608356 4.355072 0.229890
v -0.608356 2.085029 0.229890
v 0.608356 2.085029 0.229890
v 0.608356 4.355072 0.229890
v -0.608356 4.355072 -0.027553
v 0.608356 4.355072 -0.027553
v 0.608356 2.085029 -0.027553
v -0.608356 2.085029 -0.027553
v -0.608356 4.346055 0.188334
v -0.608356 4.346055 0.000000
v -0.608356 4.346055 -0.027553
v -0.608356 4.346055 -0.038734
v -0.639228 4.346055 -0.038734
v -0.639228 4.346055 0.000000
v -1.091443 4.346055 0.000000
v -1.138522 4.346055 0.047079
v -1.138522 4.346055 0.141255
v -1.091443 4.346055 0.188334
v -0.639228 4.346055 0.188334
v -0.639228 4.346055 0.243747
v -0.608356 4.346055 0.243747
v -0.608356 4.346055 0.229890
v 0.608356 4.346055 0.188334
v 0.608356 4.346055 0.229890
v 0.608356 4.346055 0.243747
v 0.639228 4.346055 0.243747
v 0.639228 4.346055 0.188334
v 1.091443 4.346055 0.188334
v 1.138522 4.346055 0.141255
v 1.138522 4.346055 0.047079
v 1.091443 4.346055 0.000000
v 0.639228 4.346055 0.000000
v 0.639228 4.346055 -0.038734
v 0.608356 4.346055 -0.038734
v 0.608356 4.346055 -0.027553
v 0.608356 4.346055 0.000000
v -0.608356 2.092860 0.188334
v -0.608356 2.092860 0.000000
v -0.608356 2.092860 -0.027553
v -0.608356 2.092860 -0.038734
v -0.639228 2.092860 -0.038734
v -0.639228 2.092860 0.000000
v -1.091443 2.092860 0.000000
v -1.138522 2.092860 0.047079
v -1.138522 2.092860 0.141255
v -1.091443 2.092860 0.188334
v -0.639228 2.092860 0.188334
v -0.639228 2.092860 0.243747
v -0.608356 2.092860 0.243747
v -0.608356 2.092860 0.229890
v 0.608356 2.092860 0.188334
v 0.608356 2.092860 0.229890
v 0.608356 2.092860 0.243747
v 0.639228 2.092860 0.243747
v 0.639228 2.092860 0.188334
v 1.091443 2.092860 0.188334
v 1.138522 2.092860 0.141255
v 1.138522 2.092860 0.047079
v 1.091443 2.092860 0.000000
v 0.639228 2.092860 0.000000
v 0.639228 2.092860 -0.038734
v 0.608356 2.092860 -0.038734
v 0.608356 2.092860 -0.027553
v 0.608356 2.092860 0.000000
v 1.138522 0.021003 0.141255
v 1.091443 0.021003 0.188334
v 0.639228 0.021003 0.188334
v 0.608356 0.021003 0.188334
v -0.608356 0.021003 0.188334
v -0.639228 0.021003 0.188334
v -1.091443 0.021003 0.188334
v -1.138522 0.021003 0.141255
v -1.138522 0.021003 0.047079
v -1.091443 0.021003 0.000000
v -0.639228 0.021003 0.000000
v -0.608356 0.021003 0.000000
v 0.608356 0.021003 0.000000
v 0.639228 0.021003 0.000000
v 1.091443 0.021003 0.000000
v 1.138522 0.021003 0.047079
v 1.138522 4.757402 0.141255
v 1.091443 4.757402 0.188334
v 0.639228 4.757402 0.188334
v 0.608356 4.757402 0.188334
v -0.608356 4.757402 0.188334
v -0.639228 4.757402 0.188334
v -1.091443 4.757402 0.188334
v -1.138522 4.757402 0.141255
v -1.138522 4.757402 0.047079
v -1.091443 4.757402 0.000000
v -0.639228 4.757402 0.000000
v -0.608356 4.757402 0.000000
v 0.608356 4.757402 0.000000
v 0.639228 4.757402 0.000000
v 1.091443 4.757402 0.000000
v 1.138522 4.757402 0.047079
vt 0.665879 0.190690
vt 0.666953 0.196405
vt 0.662148 0.194471
vt 0.661015 0.190699
vt 0.665801 0.014033
vt 0.660946 0.014168
vt 0.651213 0.075153
vt 0.651236 0.241507
vt 0.648364 0.241507
vt 0.648341 0.075153
vt 0.721728 0.400109
vt 0.648364 0.245728
vt 0.669127 0.192888
vt 0.668393 0.197051
vt 0.651213 0.070932
vt 0.648341 0.070932
vt 0.666945 0.008248
vt 0.668336 0.007519
vt 0.668920 0.011720
vt 0.662312 0.009974
vt 0.050902 0.241588
vt 0.050903 0.245809
vt 0.000783 0.245816
vt 0.000783 0.241595
vt 0.050880 0.075234
vt 0.000760 0.075240
vt 0.000760 0.071020
vt 0.050879 0.071013
vt 0.992559 0.190976
vt 0.990900 0.195173
vt 0.988077 0.196585
vt 0.989311 0.190899
vt 0.992292 0.014441
vt 0.989050 0.014496
vt 0.991048 0.010384
vt 0.987882 0.008923
vt 0.986699 0.388577
vt 0.991584 0.388481
vt 0.990352 0.392615
vt 0.985759 0.394117
vt 0.986065 0.215819
vt 0.990939 0.215729
vt 0.651204 0.571128
vt 0.648332 0.571128
vt 0.648332 0.404774
vt 0.651203 0.404774
vt 0.648332 0.400553
vt 0.721733 0.425859
vt 0.983648 0.390651
vt 0.984363 0.394806
vt 0.896529 0.425827
vt 0.648332 0.575349
vt 0.985167 0.210362
vt 0.983050 0.213973
vt 0.983730 0.209805
vt 0.989951 0.211992
vt 0.050870 0.404776
vt 0.000751 0.404777
vt 0.000751 0.400556
vt 0.993802 0.395223
vt 0.050871 0.571131
vt 0.000751 0.571131
vt 0.000751 0.575352
vt 0.992791 0.208729
vt 0.663609 0.388938
vt 0.666866 0.388760
vt 0.667793 0.394177
vt 0.664868 0.392772
vt 0.663298 0.215804
vt 0.666552 0.215786
vt 0.664660 0.211436
vt 0.667639 0.210304
vt 0.982014 0.218834
vt 0.982495 0.385607
vt 0.671366 0.186035
vt 0.671557 0.018673
vt 0.318515 0.851648
vt 0.305939 0.873141
vt 0.980971 0.218789
vt 0.672552 0.018346
vt 0.651244 0.307557
vt 0.659904 0.425870
vt 0.651203 0.329621
vt 0.651246 0.316660
vt 0.000000 0.400556
vt 0.757940 0.425872
vt 0.757937 0.451622
vt 0.000033 0.245816
vt 0.924294 0.425891
vt 0.924291 0.451641
vt 0.000001 0.575352
vt 0.000009 0.071020
vt 0.990344 0.425899
vt 0.000001 0.009191
vt 0.639542 0.851782
vt 0.670732 0.218846
vt 0.656584 0.660631
vt 0.983593 0.186248
vt 0.664688 0.203562
vt 0.667367 0.189616
vt 0.667254 0.015226
vt 0.666535 0.204532
vt 0.669849 0.191155
vt 0.055768 0.071012
vt 0.057001 0.071012
vt 0.669638 0.013453
vt 1.000000 0.192839
vt 0.369425 0.245766
vt 0.366162 0.245766
vt 0.999538 0.012198
vt 0.987582 0.015615
vt 0.987896 0.189638
vt 0.369401 0.070970
vt 0.366138 0.070970
vt 0.958353 0.400065
vt 0.651204 0.637178
vt 0.000044 0.329624
vt 0.000000 0.338727
vt 0.691888 0.451615
vt 0.000043 0.316748
vt 0.651204 0.646281
vt 0.648333 0.646281
vt 0.648333 0.637178
vt 0.369393 0.637179
vt 0.369393 0.646282
vt 0.366130 0.646282
vt 0.366130 0.637179
vt 0.648331 0.338724
vt 0.648376 0.329536
vt 0.369436 0.329574
vt 0.369391 0.338725
vt 0.366129 0.338725
vt 0.366129 0.329622
vt 0.056993 0.637180
vt 0.056993 0.646283
vt 0.055760 0.646283
vt 0.055760 0.637180
vt 0.050871 0.646283
vt 0.050871 0.637180
vt 0.056991 0.329624
vt 0.056992 0.338727
vt 0.055759 0.338727
vt 0.055803 0.329616
vt 0.050870 0.338727
vt 0.050870 0.329624
vt 0.000752 0.646284
vt 0.000752 0.637180
vt 0.000750 0.338727
vt 0.000795 0.329624
vt 0.055760 0.009183
vt 0.055760 0.659160
vt 0.056992 0.000080
vt 0.056993 0.009183
vt 0.050871 0.009184
vt 0.050870 0.000081
vt 0.000752 0.009191
vt 0.000752 0.659160
vt 0.651203 0.000000
vt 0.648333 0.009104
vt 0.648333 0.659157
vt 0.369393 0.659158
vt 0.369393 0.009141
vt 0.366130 0.009142
vt 0.366129 0.000039
vt 0.648374 0.316660
vt 0.648373 0.307557
vt 0.369433 0.307595
vt 0.369434 0.316698
vt 0.366171 0.316698
vt 0.366170 0.307595
vt 0.057033 0.307637
vt 0.057034 0.316740
vt 0.055801 0.316740
vt 0.055800 0.307637
vt 0.050912 0.316741
vt 0.050911 0.307638
vt 0.000793 0.316748
vt 0.000792 0.307644
vt 0.986543 0.205280
vt 0.984773 0.204552
vt 0.055759 0.400555
vt 0.056992 0.400555
vt 0.369392 0.400554
vt 0.666166 0.398998
vt 0.665844 0.205378
vt 0.369392 0.575350
vt 0.000001 0.646284
vt 0.000001 0.659160
vt 0.984846 0.216664
vt 0.985510 0.387643
vt 0.983175 0.389218
vt 0.982516 0.215393
vt 0.658432 0.390148
vt 0.668066 0.387879
vt 0.667741 0.216736
vt 0.658033 0.214937
vt 0.671638 0.218576
vt 0.982739 0.019178
vt 0.669758 0.215324
vt 0.669206 0.213917
vt 0.668767 0.209717
vt 0.365059 0.575350
vt 0.365059 0.637179
vt 0.365059 0.646282
vt 0.365058 0.000039
vt 0.365059 0.009142
vt 0.988999 0.001113
vt 0.986706 0.008357
vt 0.986036 0.012512
vt 0.985306 0.014240
vt 0.654386 0.874664
vt 0.985650 0.191291
vt 0.986426 0.193000
vt 0.986978 0.197192
vt 0.365091 0.245767
vt 0.365100 0.307595
vt 0.365101 0.316698
vt 0.365058 0.329622
vt 0.365058 0.338725
vt 0.667694 0.399847
vt 0.668972 0.394693
vt 0.669635 0.390514
vt 0.670187 0.389103
vt 0.639162 0.852558
vt 0.365058 0.400554
vt 0.985330 0.400084
vt 0.667572 0.204532
vt 0.056992 0.575352
vt 0.987243 0.399454
vt 0.055760 0.575352
vt 0.369392 0.571129
vt 0.661256 0.208874
vt 0.366130 0.575350
vt 0.369392 0.404775
vt 0.661994 0.396048
vt 0.366129 0.400554
vt 0.996121 0.214526
vt 0.050871 0.575352
vt 0.996853 0.389364
vt 0.050870 0.400555
vt 0.671770 0.385709
vt 0.670879 0.385669
vt 0.641185 0.681722
vt 0.641852 0.681759
vt 0.981447 0.385915
vt 0.317720 0.851591
vt 0.319257 0.681238
vt 0.319792 0.680399
vt 0.989206 0.204476
vt 0.057025 0.245808
vt 0.982739 0.186516
vt 0.657486 0.872530
vt 0.365068 0.070970
vt 0.666529 0.000000
vt 0.653942 0.659157
vt 0.983599 0.019216
vt 0.055792 0.245808
vt 0.672363 0.186083
vt 0.664480 0.000978
vt 0.305236 0.659165
vt 0.995054 0.005802
vt 0.990589 0.002203
vt 0.995717 0.199211
vt 0.990973 0.203352
vt 0.653464 0.012448
vt 0.657449 0.006327
vt 0.301599 0.661511
vt 0.369402 0.075191
vt 0.302834 0.871633
vt 0.369424 0.241545
vt 0.653759 0.192933
vt 0.658071 0.199091
vt 0.996779 0.445213
vt 0.990341 0.451649
vt 0.928512 0.451642
vt 0.000041 0.307645
vt 0.685452 0.445177
vt 0.000001 0.637180
vt 0.996780 0.432337
vt 0.928515 0.425892
vt 0.691890 0.425865
vt 0.685453 0.432301
vt 0.000010 0.075241
vt 0.000033 0.241595
vt 0.753716 0.451622
vt 0.753719 0.425872
vt 0.000001 0.571131
vt 0.000000 0.404777
vt 0.653464 0.406559
vt 0.659899 0.400121
vt 0.651204 0.009103
vt 0.964791 0.406501
vt 0.896525 0.400077
vt 0.651203 0.338724
vt 0.653466 0.419435
vt 0.958358 0.425815
vt 0.964794 0.419377
vt 0.651204 0.575349
vt 0.651236 0.245728
vt 0.892304 0.400078
vt 0.725949 0.400108
vt 0.651203 0.400553
vt 0.892308 0.425827
vt 0.725954 0.425858
vt 0.000750 0.329624
vt 0.050914 0.329617
vt 0.000750 0.000088
vt 0.050871 0.659160
vt 0.648331 0.329621
vt 0.651247 0.329536
vt 0.648331 0.000001
vt 0.651204 0.659157
vt 0.365102 0.329575
vt 0.366173 0.329574
vt 0.365060 0.659158
vt 0.366130 0.659158
vt 0.057036 0.329616
vt 0.056993 0.659160
vt 0.369391 0.000038
vt 0.000000 0.000088
vt 0.055759 0.000080
vt 0.000000 0.329624
vt 0.055759 0.329624
vt 0.369391 0.329622
vn 0.000000 -0.000000 1.000000
vn 0.000000 -0.000000 1.000000
vn 0.000000 -0.000000 1.000000
vn 0.000000 -0.000000 1.000000
vn 0.000000 -0.000000 1.000000
vn 0.000000 -0.000000 1.000000
vn 0.000000 -0.000000 1.000000
vn 0.000000 -0.000000 1.000000
vn 0.000000 -0.000000 1.000000
vn 0.000000 -0.000000 1.000000
vn 0.000000 -0.000000 1.000000
vn 0.000000 -0.000000 1.000000
vn 0.000000 -0.000000 1.000000
vn 0.000000 -0.000000 1.000000
vn 0.000000 -0.000000 1.000000
vn 0.000000 -0.000000 1.000000
vn 0.000000 -0.000000 1.000000
vn 0.000000 -0.000000 1.000000
vn 0.000000 -0.000000 1.000000
vn 0.000000 -0.000000 1.000000
vn -0.000000 -0.000000 1.000000
vn -0.000000 -0.000000 1.000000
vn -0.000000 -0.000000 1.000000
vn -0.000000 -0.000000 1.000000
vn 0.000000 -0.000000 1.000000
vn 0.000000 -0.000000 1.000000
vn 0.000000 -0.000000 1.000000
vn 0.000000 -0.000000 1.000000
vn 0.000000 -0.000000 1.000000
vn 0.000000 -0.000000 1.000000
vn 0.000000 -0.000000 1.000000
vn 0.000000 -0.000000 1.000000
vn 0.000000 -0.000000 1.000000
vn 0.000000 -0.000000 1.000000
vn 0.000000 -0.000000 1.000000
vn 0.000000 -0.000000 1.000000
vn 0.000000 0.000000 -1.000000
vn 0.000000 0.000000 -1.000000
vn 0.000000 0.000000 -1.000000
vn 0.000000 0.000000 -1.000000
vn 0.000000 0.000000 -1.000000
vn 0.000000 0.000000 -1.000000
vn 0.000000 0.000000 -1.000000
vn 0.000000 0.000000 -1.000000
vn 0.000000 0.000000 -1.000000
vn 0.000000 0.000000 -1.000000
vn 0.000000 0.000000 -1.000000
vn 0.000000 0.000000 -1.000000
vn -0.000000 0.000000 -1.000000
vn -0.000000 0.000000 -1.000000
vn 0.000000 0.000000 -1.000000
vn 0.000000 0.000000 -1.000000
vn 0.000000 0.000000 -1.000000
vn 0.000000 0.000000 -1.000000
vn 0.000000 0.000000 -1.000000
vn 0.000000 0.000000 -1.000000
vn 0.000000 0.000000 -1.000000
vn 0.000000 0.000000 -1.000000
vn 0.000000 0.000000 -1.000000
vn 0.000000 0.000000 -1.000000
vn 0.000000 0.000000 -1.000000
vn 0.000000 0.000000 -1.000000
vn 0.000000 0.000000 -1.000000
vn 0.000000 0.000000 -1.000000
vn -0.000000 0.000000 -1.000000
vn -0.000000 0.000000 -1.000000
vn -0.000000 0.000000 -1.000000
vn -0.000000 0.000000 -1.000000
vn 0.000000 0.000000 -1.000000
vn 0.000000 0.000000 -1.000000
vn 0.000000 0.000000 -1.000000
vn 0.000000 0.000000 -1.000000
vn 0.000000 -1.000000 -0.000000
vn 0.000000 -1.000000 -0.000000
vn 0.000000 -1.000000 -0.000000
vn 0.000000 -1.000000 -0.000000
vn 0.000000 -1.000000 -0.000000
vn 0.000000 -1.000000 -0.000000
vn 0.000000 -1.000000 -0.000000
vn 0.000000 -1.000000 -0.000000
vn 0.000000 -1.000000 -0.000000
vn 0.000000 -1.000000 -0.000000
vn -1.000000 0.000000 0.000000
vn -1.000000 0.000000 0.000000
vn -1.000000 0.000000 0.000000
vn -1.000000 0.000000 0.000000
vn 0.000000 -1.000000 -0.000000
vn 0.000000 -1.000000 -0.000000
vn 1.000000 -0.000000 0.000000
vn 1.000000 -0.000000 0.000000
vn 1.000000 -0.000000 0.000000
vn 1.000000 -0.000000 0.000000
vn 0.000000 -1.000000 -0.000000
vn 0.000000 -1.000000 -0.000000
vn 0.000000 -1.000000 -0.000000
vn 0.000000 -1.000000 -0.000000
vn 0.000000 1.000000 0.000000
vn 0.000000 1.000000 0.000000
vn 0.000000 1.000000 0.000000
vn 0.000000 1.000000 0.000000
vn 0.000000 1.000000 0.000000
vn 0.000000 1.000000 0.000000
vn 0.000000 1.000000 0.000000
vn 0.000000 1.000000 0.000000
vn 0.000000 1.000000 0.000000
vn 0.000000 1.000000 0.000000
vn 0.000000 1.000000 0.000000
vn 0.000000 1.000000 0.000000
vn 0.000000 1.000000 0.000000
vn 0.000000 1.000000 0.000000
vn 1.000000 -0.000000 0.000000
vn 1.000000 -0.000000 0.000000
vn 1.000000 -0.000000 0.000000
vn 1.000000 -0.000000 0.000000
vn 0.000000 1.000000 0.000000
vn 0.000000 1.000000 0.000000
vn 0.000000 1.000000 0.000000
vn 0.000000 1.000000 0.000000
vn 0.000000 -1.000000 -0.000000
vn 0.000000 -1.000000 -0.000000
vn 0.000000 1.000000 0.000000
vn 0.000000 1.000000 0.000000
vn 1.000000 -0.000000 0.000000
vn 1.000000 -0.000000 0.000000
vn -1.000000 0.000000 0.000000
vn -1.000000 0.000000 0.000000
vn -1.000000 0.000000 0.000000
vn -1.000000 0.000000 0.000000
vn -1.000000 0.000000 0.000000
vn -1.000000 0.000000 0.000000
vn 1.000000 -0.000000 0.000000
vn 1.000000 -0.000000 0.000000
vn -1.000000 0.000000 0.000000
vn -1.000000 0.000000 0.000000
vn 0.000000 1.000000 0.000000
vn 0.000000 1.000000 0.000000
vn 0.000000 -1.000000 -0.000000
vn 0.000000 -1.000000 -0.000000
vn 0.000000 -1.000000 -0.000000
vn 0.000000 -1.000000 -0.000000
vn 1.000000 -0.000000 0.000000
vn 1.000000 -0.000000 0.000000
vn 1.000000 -0.000000 0.000000
vn 1.000000 -0.000000 0.000000
vn 0.000000 -1.000000 -0.000000
vn 0.000000 -1.000000 -0.000000
vn 0.000000 1.000000 0.000000
vn 0.000000 1.000000 0.000000
vn 0.000000 -1.000000 -0.000000
vn 0.000000 -1.000000 -0.000000
vn -1.000000 0.000000 0.000000
vn -1.000000 0.000000 0.000000
vn -1.000000 0.000000 0.000000
vn -1.000000 0.000000 0.000000
vn 0.000000 -1.000000 -0.000000
vn 0.000000 -1.000000 -0.000000
vn 0.000000 1.000000 0.000000
vn 0.000000 1.000000 0.000000
vn 0.000000 1.000000 0.000000
vn 0.000000 1.000000 0.000000
vn -0.707108 -0.000000 -0.707105
vn -0.707108 -0.000000 -0.707106
vn -0.707108 -0.000000 -0.707105
vn -0.707108 0.000000 -0.707105
vn -0.707108 0.000000 -0.707105
vn -0.707108 0.000000 -0.707105
vn -0.707108 0.000000 -0.707106
vn -0.707108 0.000000 -0.707106
vn 0.707108 0.000000 -0.707105
vn 0.707108 0.000000 -0.707105
vn 0.707108 0.000000 -0.707105
vn 0.707108 0.000000 -0.707105
vn 0.707108 0.000000 -0.707105
vn 0.707108 0.000000 -0.707105
vn 0.707108 0.000000 -0.707106
vn 0.707108 0.000000 -0.707106
vn -0.707108 0.000000 -0.707106
vn -0.707108 0.000000 -0.707106
vn -0.707108 0.000000 -0.707106
vn -0.707108 0.000000 -0.707106
vn -0.707108 0.000000 -0.707106
vn -0.707108 0.000000 -0.707106
vn 0.707108 -0.000000 -0.707106
vn 0.707108 -0.000000 -0.707106
vn 0.707108 0.000000 -0.707106
vn 0.707108 0.000000 -0.707106
vn 0.707108 0.000000 -0.707106
vn 0.707108 0.000000 -0.707106
vn -0.707108 0.000000 -0.707106
vn -0.707108 0.000000 -0.707106
vn 0.707108 0.000000 -0.707106
vn 0.707108 0.000000 -0.707106
vn -0.707108 -0.000000 0.707106
vn -0.707108 -0.000000 0.707106
vn -0.707108 -0.000000 0.707106
vn -0.707108 -0.000000 0.707106
vn -0.707108 -0.000000 0.707106
vn -0.707108 -0.000000 0.707106
vn -0.707108 -0.000000 0.707106
vn -0.707108 -0.000000 0.707106
vn -0.707108 -0.000000 0.707105
vn -0.707108 -0.000000 0.707105
vn -0.707108 -0.000000 0.707105
vn -0.707108 -0.000000 0.707105
vn -0.707108 -0.000000 0.707105
vn -0.707108 -0.000000 0.707105
vn -0.707108 -0.000000 0.707106
vn -0.707108 -0.000000 0.707106
vn 0.707108 -0.000000 0.707105
vn 0.707108 -0.000000 0.707105
vn 0.707108 -0.000000 0.707105
vn 0.707108 -0.000000 0.707105
vn 0.707108 -0.000000 0.707105
vn 0.707108 -0.000000 0.707105
vn 0.707108 -0.000000 0.707106
vn 0.707108 -0.000000 0.707106
vn 0.707108 -0.000000 0.707106
vn 0.707108 -0.000000 0.707106
vn 0.707108 -0.000000 0.707106
vn 0.707108 -0.000000 0.707105
vn 0.707108 -0.000000 0.707106
vn 0.707108 -0.000000 0.707106
vn 0.707108 -0.000000 0.707106
vn 0.707108 -0.000000 0.707106
vn 0.000000 -0.000000 1.000000
vn 0.000000 -0.000000 1.000000
vn 0.000000 -0.000000 1.000000
vn 0.000000 -0.000000 1.000000
vn 0.000000 -0.000000 1.000000
vn 0.000000 -0.000000 1.000000
vn 0.000000 -0.000000 1.000000
vn 0.000000 -0.000000 1.000000
vn 0.000000 -0.000000 1.000000
vn -0.000000 -0.000000 1.000000
vn 0.000000 -0.000000 1.000000
vn 0.000000 -0.000000 1.000000
vn -0.000000 -0.000000 1.000000
vn -0.000000 -0.000000 1.000000
vn -0.000000 -0.000000 1.000000
vn 0.000000 -0.000000 1.000000
vn 0.000000 -0.000000 1.000000
vn 0.000000 -0.000000 1.000000
vn 0.000000 -0.000000 1.000000
vn 0.000000 -0.000000 1.000000
vn 0.000000 -0.000000 1.000000
vn 0.000000 -0.000000 1.000000
vn 0.000000 -0.000000 1.000000
vn 0.000000 -0.000000 1.000000
vn 0.000000 0.000000 -1.000000
vn 0.000000 0.000000 -1.000000
vn 0.000000 0.000000 -1.000000
vn 0.000000 0.000000 -1.000000
vn 0.000000 0.000000 -1.000000
vn 0.000000 0.000000 -1.000000
vn 0.000000 0.000000 -1.000000
vn 0.000000 0.000000 -1.000000
vn 0.000000 0.000000 -1.000000
vn 0.000000 0.000000 -1.000000
vn 0.000000 0.000000 -1.000000
vn 0.000000 0.000000 -1.000000
vn 0.000000 0.000000 -1.000000
vn 0.000000 0.000000 -1.000000
vn 0.000000 0.000000 -1.000000
vn 0.000000 0.000000 -1.000000
vn 0.000000 0.000000 -1.000000
vn 0.000000 0.000000 -1.000000
vn 0.000000 0.000000 -1.000000
vn 0.000000 0.000000 -1.000000
vn 0.000000 0.000000 -1.000000
vn 0.000000 0.000000 -1.000000
vn 0.000000 0.000000 -1.000000
vn 0.000000 0.000000 -1.000000
vn -1.000000 0.000000 0.000000
vn -1.000000 0.000000 0.000000
vn -1.000000 0.000000 0.000000
vn -1.000000 0.000000 0.000000
vn -1.000000 0.000000 0.000000
vn -1.000000 0.000000 0.000000
vn -1.000000 0.000000 0.000000
vn -1.000000 0.000000 0.000000
vn -1.000000 0.000000 0.000000
vn -1.000000 0.000000 0.000000
vn 1.000000 -0.000000 0.000000
vn 1.000000 -0.000000 0.000000
vn 1.000000 -0.000000 0.000000
vn 1.000000 -0.000000 0.000000
vn 1.000000 -0.000000 0.000000
vn 1.000000 -0.000000 0.000000
vn 1.000000 -0.000000 0.000000
vn 1.000000 -0.000000 0.000000
vn 1.000000 -0.000000 0.000000
vn 1.000000 -0.000000 0.000000
vn 1.000000 -0.000000 0.000000
vn 1.000000 -0.000000 0.000000
vn -1.000000 0.000000 0.000000
vn -1.000000 0.000000 0.000000
vn 1.000000 -0.000000 0.000000
vn 1.000000 -0.000000 0.000000
vn 1.000000 -0.000000 0.000000
vn 1.000000 -0.000000 0.000000
vn -1.000000 0.000000 0.000000
vn -1.000000 0.000000 0.000000
vn -1.000000 0.000000 0.000000
vn -1.000000 0.000000 0.000000
vn 0.000000 1.000000 0.000000
vn 0.000000 1.000000 0.000000
vn 0.000000 -1.000000 -0.000000
vn 0.000000 -1.000000 -0.000000
vn 0.000000 1.000000 0.000000
vn 0.000000 1.000000 0.000000
vn 0.000000 1.000000 0.000000
vn 0.000000 1.000000 0.000000
vn 1.000000 -0.000000 0.000000
vn 1.000000 -0.000000 0.000000
vn 1.000000 -0.000000 0.000000
vn 1.000000 -0.000000 0.000000
vn 0.000000 1.000000 0.000000
vn 0.000000 1.000000 0.000000
vn 0.000000 -1.000000 -0.000000
vn 0.000000 -1.000000 -0.000000
vn -1.000000 0.000000 0.000000
vn -1.000000 0.000000 0.000000
vn 1.000000 -0.000000 0.000000
vn 1.000000 -0.000000 0.000000
vn 1.000000 -0.000000 0.000000
vn 1.000000 -0.000000 0.000000
vn -1.000000 0.000000 0.000000
vn -1.000000 0.000000 0.000000
vn -1.000000 0.000000 0.000000
vn -1.000000 0.000000 0.000000
vn 0.000000 1.000000 0.000000
vn 0.000000 1.000000 0.000000
vn -1.000000 0.000000 0.000000
vn -1.000000 0.000000 0.000000
vn 1.000000 -0.000000 0.000000
vn 1.000000 -0.000000 0.000000
vn 1.000000 -0.000000 0.000000
vn 1.000000 -0.000000 0.000000
vn 0.000000 -1.000000 -0.000000
vn 0.000000 -1.000000 -0.000000
vn 0.000000 -1.000000 -0.000000
vn 0.000000 -1.000000 -0.000000
vn 0.000000 1.000000 0.000000
vn 0.000000 1.000000 0.000000
vn 0.000000 -1.000000 -0.000000
vn 0.000000 -1.000000 -0.000000
vn -1.000000 0.000000 0.000000
vn -1.000000 0.000000 0.000000
vn -1.000000 0.000000 0.000000
vn -1.000000 0.000000 0.000000
vn 0.000000 -1.000000 -0.000000
vn 0.000000 -1.000000 -0.000000
vn 1.000000 -0.000000 0.000000
vn 1.000000 -0.000000 0.000000
vn 0.000000 1.000000 0.000000
vn 0.000000 1.000000 0.000000
vn -1.000000 0.000000 0.000000
vn -1.000000 0.000000 0.000000
vn 0.000000 -1.000000 -0.000000
vn 0.000000 -1.000000 -0.000000
vn 0.000000 -1.000000 -0.000000
vn 0.000000 -1.000000 -0.000000
vn -1.000000 0.000000 0.000000
vn -1.000000 0.000000 0.000000
vn 0.000000 1.000000 0.000000
vn 0.000000 1.000000 0.000000
vn 1.000000 -0.000000 0.000000
vn 1.000000 -0.000000 0.000000
vn 1.000000 -0.000000 0.000000
vn 1.000000 -0.000000 0.000000
vn 1.000000 -0.000000 0.000000
vn 1.000000 -0.000000 0.000000
vn 0.000000 0.000000 -1.000000
vn 0.000000 0.000000 -1.000000
vn -1.000000 0.000000 0.000000
vn -1.000000 0.000000 0.000000
vn 0.000000 0.000000 -1.000000
vn 0.000000 0.000000 -1.000000
vn -0.707108 0.000000 -0.707106
vn -0.707108 0.000000 -0.707106
vn -1.000000 0.000000 0.000000
vn -1.000000 0.000000 0.000000
vn -0.707108 -0.000000 0.707106
vn -0.707108 -0.000000 0.707106
vn 0.000000 -0.000000 1.000000
vn 0.000000 -0.000000 1.000000
vn -1.000000 0.000000 0.000000
vn -1.000000 0.000000 0.000000
vn 0.000000 -0.000000 1.000000
vn 0.000000 -0.000000 1.000000
vn 1.000000 -0.000000 0.000000
vn 1.000000 -0.000000 0.000000
vn -1.000000 0.000000 0.000000
vn -1.000000 0.000000 0.000000
vn -1.000000 0.000000 0.000000
vn 0.000000 -0.000000 1.000000
vn 0.000000 -0.000000 1.000000
vn 1.000000 -0.000000 0.000000
vn 1.000000 -0.000000 0.000000
vn 0.000000 -0.000000 1.000000
vn 0.000000 -0.000000 1.000000
vn 0.707108 -0.000000 0.707106
vn 0.707108 -0.000000 0.707106
vn 1.000000 -0.000000 0.000000
vn 1.000000 -0.000000 0.000000
vn 0.707108 -0.000000 -0.707106
vn 0.707108 -0.000000 -0.707106
vn 0.000000 0.000000 -1.000000
vn 0.000000 0.000000 -1.000000
vn 1.000000 -0.000000 0.000000
vn 1.000000 -0.000000 0.000000
vn -0.000000 0.000000 -1.000000
vn -0.000000 0.000000 -1.000000
vn -1.000000 0.000000 0.000000
vn -1.000000 0.000000 0.000000
vn -1.000000 0.000000 0.000000
vn 1.000000 -0.000000 0.000000
vn 1.000000 -0.000000 0.000000
vn 1.000000 -0.000000 0.000000
vn 1.000000 -0.000000 0.000000
vn 1.000000 -0.000000 0.000000
vn 1.000000 -0.000000 0.000000
vn -1.000000 0.000000 0.000000
vn -1.000000 0.000000 0.000000
vn -1.000000 0.000000 0.000000
vn -1.000000 0.000000 0.000000
vn -1.000000 0.000000 0.000000
vn -1.000000 0.000000 0.000000
vn 0.000000 -0.000000 1.000000
vn 0.000000 -0.000000 1.000000
vn 0.000000 0.000000 -1.000000
vn 0.000000 0.000000 -1.000000
vn 0.707112 -0.000000 0.707101
vn 0.707112 -0.000000 0.707101
vn -0.000000 -0.000000 1.000000
vn 0.000000 -0.000000 1.000000
vn -0.000000 -0.000000 1.000000
vn 0.000000 -0.000000 1.000000
vn 0.000000 -0.000000 1.000000
vn 0.000000 -0.000000 1.000000
vn -0.707112 -0.000000 0.707101
vn -0.707112 -0.000000 0.707101
vn -1.000000 0.000000 0.000000
vn -1.000000 0.000000 0.000000
vn -0.707112 0.000000 -0.707101
vn -0.707112 0.000000 -0.707101
vn 0.000000 0.000000 -1.000000
vn 0.000000 0.000000 -1.000000
vn 0.000000 0.000000 -1.000000
vn 0.000000 0.000000 -1.000000
vn 0.000000 0.000000 -1.000000
vn 0.000000 0.000000 -1.000000
vn 0.707112 0.000000 -0.707101
vn 0.707112 0.000000 -0.707101
vn 1.000000 -0.000000 0.000000
vn 1.000000 -0.000000 0.000000
s 1
g pPlane2
usemtl initialShadingGroup
f 564/645/951 565/646/952 566/647/953 567/648/954
f 568/649/955 564/645/951 567/648/954 569/650/956
s 2
f 550/651/957 551/652/958 711/653/959 712/654/960
f 551/652/958 554/943/961 710/656/962 711/653/959
s 1
f 668/657/963 669/658/964 565/646/952 564/645/951
s 2
f 548/659/965 550/651/957 712/654/960 713/660/966
s 1
f 573/661/967 663/662/968 664/663/969 568/649/955
f 575/664/970 573/661/967 568/649/955 569/650/956
s 2
f 543/665/971 542/666/972 726/667/973 727/668/974
f 545/669/975 543/665/971 727/668/974 728/670/976
f 729/671/977 547/672/978 545/669/975 728/670/976
s 1
f 577/673/979 576/674/980 571/675/981 570/676/982
f 578/677/983 577/673/979 570/676/982 574/678/984
f 579/679/985 578/677/983 574/678/984 572/680/986
s 6
f 629/681/987 628/682/988 630/683/989 631/684/990
f 633/685/991 632/686/992 628/682/988 629/681/987
s 7
f 519/687/993 719/688/994 720/689/995 517/690/996
f 517/690/996 720/689/995 721/691/997 528/946/998
s 6
f 677/693/999 629/681/987 631/684/990 676/694/1000
s 7
f 524/942/1001 718/696/1002 719/688/994 519/687/993
s 6
f 636/697/1003 633/685/991 655/698/1004 656/699/1005
f 639/700/1006 632/686/992 633/685/991 636/697/1003
s 7
f 533/701/1007 736/702/1008 737/703/1009 532/884/1010
f 534/705/1011 735/706/1012 736/702/1008 533/701/1007
f 734/707/1013 735/706/1012 534/705/1011 535/882/1014
s 6
f 640/709/1015 634/710/1016 635/711/1017 641/712/1018
f 642/713/1019 637/714/1020 634/710/1016 640/709/1015
f 643/715/1021 638/716/1022 637/714/1020 642/713/1019
s 10
f 522/891/1023 523/890/1024 540/913/1025 544/911/1026
s 11
f 519/947/1027 517/948/1028 551/945/1029 550/944/1030
f 517/948/1028 528/692/1031 554/655/1032 551/945/1029
s 12
f 523/890/1033 679/721/1034 666/722/1035 540/913/1036
s 11
f 524/695/1037 519/947/1027 550/944/1030 548/937/1038
s 13
f 653/892/1039 522/891/1040 544/911/1041 652/904/1042
s 11
f 614/934/1043 585/726/1044 584/939/1045 615/933/1046
s 14
f 531/930/1047 516/730/1048 561/731/1049 560/929/1050
f 516/730/1048 518/733/1051 562/734/1052 561/731/1049
f 518/733/1051 527/924/1053 563/919/1054 562/734/1052
f 527/924/1053 603/737/1055 626/918/1056 563/919/1054
s 15
f 521/739/1057 520/888/1058 559/741/1059 557/896/1060
s 16
f 541/743/1061 542/916/1062 566/647/1063 565/646/1064
s 17
f 542/916/1065 543/915/1066 567/648/1067 566/647/1068
s 10
f 544/720/1026 540/719/1025 647/744/1069 644/745/1070
s 17
f 543/915/1066 545/909/1071 569/650/1072 567/648/1067
s 16
f 670/746/1073 541/743/1061 565/646/1064 669/658/1074
s 12
f 540/719/1036 666/902/1035 667/747/1075 647/744/1076
s 18
f 546/903/1077 662/898/1078 663/662/1079 573/661/1080
s 13
f 665/750/1081 652/724/1042 544/720/1041 644/745/1082
s 18
f 547/910/1083 546/903/1077 573/661/1080 575/664/1084
s 17
f 545/909/1071 547/910/1085 575/664/1086 569/650/1072
s 19
f 552/751/1087 555/907/1088 576/674/1089 577/673/1090
s 16
f 555/907/1091 558/908/1092 571/675/1093 576/674/1094
s 19
f 553/754/1095 552/751/1087 577/673/1090 578/677/1096
s 15
f 557/742/1060 559/900/1059 645/755/1097 646/756/1098
s 19
f 549/905/1099 553/754/1095 578/677/1096 579/679/1100
s 18
f 556/906/1101 549/905/1102 579/679/1103 572/680/1104
s 11
f 609/759/1105 581/940/1106 524/695/1037 548/937/1038
s 14
f 600/926/1107 601/925/1108 624/763/1109 625/921/1110
s 22
f 581/760/1111 580/765/1112 716/766/1113 717/767/1114
f 582/768/1115 583/769/1116 589/770/1117 588/771/1118
s 23
f 584/727/1119 585/938/1120 722/772/1121 723/953/1122
f 587/968/1123 586/775/1124 592/776/1125 593/777/1126
s 22
f 658/778/1127 659/779/1128 591/780/1129 590/781/1130
f 590/781/1130 591/780/1129 597/782/1131 596/783/1132
s 23
f 673/784/1133 674/785/1134 594/786/1135 595/967/1136
f 595/967/1136 594/786/1135 598/788/1137 599/789/1138
s 22
f 596/783/1132 597/782/1131 732/790/1139 733/791/1140
s 23
f 599/789/1138 598/788/1137 738/792/1141 739/949/1142
s 26
f 604/794/1143 605/965/1144 660/796/1145 661/797/1146
f 605/965/1144 604/794/1143 607/798/1147 606/799/1148
f 606/799/1148 607/798/1147 730/800/1149 731/951/1150
f 608/802/1151 609/935/1152 714/803/1153 715/955/1154
f 610/963/1155 611/806/1156 612/807/1157 613/808/1158
s 28
f 614/725/1159 615/728/1160 708/809/1161 709/810/1162
f 616/811/1163 617/812/1164 618/813/1165 619/814/1166
f 671/815/1167 672/816/1168 621/817/1169 620/818/1170
f 620/818/1170 621/817/1169 623/819/1171 622/820/1172
f 622/820/1172 623/819/1171 724/821/1173 725/822/1174
s 2
f 604/794/1175 546/748/1176 547/672/978 607/798/1177
f 714/803/1178 609/935/1179 548/659/965 713/660/966
f 661/797/1180 662/749/1181 546/748/1176 604/794/1175
f 554/943/961 614/725/1182 709/810/1183 710/656/962
f 541/901/1184 670/894/1185 671/815/1186 620/818/1187
f 542/666/972 541/901/1184 620/818/1187 622/820/1188
f 726/667/973 542/666/972 622/820/1188 725/822/1189
f 607/798/1177 547/672/978 729/671/977 730/800/1190
f 555/752/1191 616/811/1192 619/814/1193 558/753/1194
f 611/806/1195 549/757/1196 556/758/1197 612/807/1198
s 7
f 590/781/1199 596/783/1200 535/882/1014 526/874/1201
f 581/760/1202 717/767/1203 718/696/1002 524/942/1001
f 658/778/1204 590/781/1199 526/874/1201 657/872/1205
f 528/946/998 721/691/997 722/772/1206 585/938/1207
f 530/825/1208 594/786/1209 674/785/1210 675/826/1211
f 532/884/1010 598/788/1212 594/786/1209 530/825/1208
f 737/703/1009 738/792/1213 598/788/1212 532/884/1010
f 596/783/1200 733/791/1214 734/707/1013 535/882/1014
f 536/827/1215 529/880/1216 592/776/1217 586/775/1218
f 582/768/1219 588/771/1220 525/877/1221 539/830/1222
s 35
f 597/782/1223 591/780/1224 605/795/1225 606/952/1226
f 716/766/1227 580/765/1228 608/956/1229 715/804/1230
f 591/780/1224 659/779/1231 660/962/1232 605/795/1225
s 37
f 584/954/1233 723/773/1234 708/809/1235 615/728/1236
f 673/961/1237 595/787/1238 621/817/1239 672/816/1240
f 595/787/1238 599/950/1241 623/819/1242 621/817/1239
f 599/950/1241 739/793/1243 724/821/1244 623/819/1242
s 35
f 732/790/1245 597/782/1223 606/952/1226 731/801/1246
s 37
f 587/774/1247 593/958/1248 618/813/1249 617/812/1250
s 35
f 589/770/1251 583/769/1252 610/805/1253 613/960/1254
s 14
f 626/918/1056 603/737/1055 602/923/1255 627/917/1256
f 624/763/1109 601/925/1108 531/930/1047 560/929/1050
s 11
f 580/941/1257 581/940/1106 609/759/1105 608/936/1258
f 528/692/1031 585/726/1044 614/934/1043 554/655/1032
s 40
f 533/883/1259 532/704/1260 630/683/1261 628/682/1262
s 41
f 532/704/1263 530/873/1264 631/684/1265 630/683/1266
s 40
f 534/881/1267 533/883/1259 628/682/1262 632/686/1268
s 10
f 523/718/1024 522/717/1023 648/833/1269 649/834/1270
s 12
f 679/889/1034 523/718/1033 649/834/1271 678/835/1272
s 41
f 530/873/1264 675/870/1273 676/694/1274 631/684/1265
s 13
f 522/717/1040 653/723/1039 654/836/1275 648/833/1276
s 42
f 657/824/1277 526/823/1278 636/697/1279 656/699/1280
s 40
f 535/708/1281 534/881/1267 632/686/1268 639/700/1282
s 42
f 526/823/1278 535/708/1283 639/700/1284 636/697/1279
s 41
f 529/828/1285 536/879/1286 641/712/1287 635/711/1288
s 44
f 536/879/1289 537/837/1290 640/709/1291 641/712/1292
s 15
f 520/740/1058 521/886/1057 650/838/1293 651/839/1294
s 44
f 537/837/1290 538/840/1295 642/713/1296 640/709/1291
s 42
f 539/876/1297 525/829/1298 638/716/1299 643/715/1300
s 44
f 538/840/1295 539/876/1301 643/715/1302 642/713/1296
s 13
f 665/750/1081 644/745/1082 568/649/1303 664/663/1304
s 15
f 646/756/1098 645/755/1097 574/678/1305 570/676/1306
s 12
f 647/744/1076 667/747/1075 668/657/1307 564/645/1308
s 10
f 644/745/1070 647/744/1069 564/645/1309 568/649/1310
f 649/834/1270 648/833/1269 633/685/1311 629/681/1312
s 12
f 678/835/1272 649/834/1271 629/681/1313 677/693/1314
s 15
f 651/839/1294 650/838/1293 634/710/1315 637/714/1316
s 13
f 648/833/1276 654/836/1275 655/698/1317 633/685/1318
f 681/887/1319 653/892/1039 652/904/1042 680/899/1320
f 654/836/1275 653/723/1039 681/841/1319 682/843/1321
f 655/698/1317 654/836/1275 682/843/1321 683/844/1322
s 6
f 656/699/1005 655/698/1004 683/844/1323 684/845/1324
s 42
f 685/871/1325 657/824/1277 656/699/1280 684/845/1326
s 7
f 686/847/1327 658/778/1204 657/872/1205 685/846/1328
s 22
f 686/847/1329 687/848/1330 659/779/1128 658/778/1127
s 35
f 660/962/1232 659/779/1231 687/848/1331 688/959/1332
s 26
f 661/797/1146 660/796/1145 688/849/1333 689/850/1334
s 2
f 689/850/1335 690/897/1336 662/749/1181 661/797/1180
s 18
f 663/662/1079 662/898/1078 690/851/1337 691/852/1338
s 1
f 664/663/969 663/662/968 691/852/1339 692/853/1340
s 13
f 693/854/1341 665/750/1081 664/663/1304 692/853/1342
f 693/854/1341 680/842/1320 652/724/1042 665/750/1081
s 12
f 666/902/1035 694/895/1343 695/856/1344 667/747/1075
f 668/657/1307 667/747/1075 695/856/1344 696/857/1345
s 1
f 696/857/1346 697/858/1347 669/658/964 668/657/963
s 16
f 698/893/1348 670/746/1073 669/658/1074 697/858/1349
s 2
f 671/815/1186 670/894/1185 698/859/1350 699/860/1351
s 28
f 699/860/1352 700/861/1353 672/816/1168 671/815/1167
s 37
f 701/957/1354 673/961/1237 672/816/1240 700/861/1355
s 23
f 701/862/1356 702/863/1357 674/785/1134 673/784/1133
s 7
f 675/826/1211 674/785/1210 702/863/1358 703/869/1359
s 41
f 676/694/1274 675/870/1273 703/864/1360 704/865/1361
s 6
f 705/866/1362 677/693/999 676/694/1000 704/865/1363
s 12
f 706/867/1364 678/835/1272 677/693/1314 705/866/1365
f 707/885/1366 679/889/1034 678/835/1272 706/867/1364
f 666/722/1035 679/721/1034 707/868/1366 694/855/1343
s 13
f 520/888/1367 681/887/1319 680/899/1320 559/741/1368
f 682/843/1321 681/841/1319 520/740/1367 651/839/1369
f 683/844/1322 682/843/1321 651/839/1369 637/714/1370
s 6
f 684/845/1324 683/844/1323 637/714/1020 638/716/1022
s 42
f 525/829/1298 685/871/1325 684/845/1326 638/716/1299
s 7
f 588/771/1220 686/847/1327 685/846/1328 525/877/1221
s 22
f 588/771/1118 589/770/1117 687/848/1330 686/847/1329
s 35
f 688/959/1332 687/848/1331 589/770/1251 613/960/1254
s 26
f 689/850/1334 688/849/1333 613/808/1158 612/807/1157
s 2
f 612/807/1198 556/758/1197 690/897/1336 689/850/1335
s 18
f 691/852/1338 690/851/1337 556/906/1101 572/680/1104
s 1
f 692/853/1340 691/852/1339 572/680/986 574/678/984
s 13
f 645/755/1371 693/854/1341 692/853/1342 574/678/1372
f 559/900/1368 680/842/1320 693/854/1341 645/755/1371
s 12
f 694/895/1343 557/742/1373 646/756/1374 695/856/1344
f 696/857/1345 695/856/1344 646/756/1374 570/676/1375
s 1
f 570/676/982 571/675/981 697/858/1347 696/857/1346
s 16
f 558/908/1092 698/893/1348 697/858/1349 571/675/1093
s 2
f 699/860/1351 698/859/1350 558/753/1194 619/814/1193
s 28
f 619/814/1166 618/813/1165 700/861/1353 699/860/1352
s 37
f 593/958/1248 701/957/1354 700/861/1355 618/813/1249
s 23
f 593/777/1126 592/776/1125 702/863/1357 701/862/1356
s 7
f 703/869/1359 702/863/1358 592/776/1217 529/880/1216
s 41
f 704/865/1361 703/864/1360 529/828/1285 635/711/1288
s 6
f 634/710/1016 705/866/1362 704/865/1363 635/711/1017
s 12
f 650/838/1376 706/867/1364 705/866/1365 634/710/1377
f 521/886/1378 707/885/1366 706/867/1364 650/838/1376
f 694/855/1343 707/868/1366 521/739/1378 557/896/1373
s 28
f 709/810/1162 708/809/1161 617/812/1164 616/811/1163
s 2
f 710/656/962 709/810/1183 616/811/1192 555/752/1191
f 711/653/959 710/656/962 555/752/1191 552/914/1379
f 712/654/960 711/653/959 552/914/1379 553/912/1380
f 713/660/966 712/654/960 553/912/1380 549/757/1196
f 611/806/1195 714/803/1178 713/660/966 549/757/1196
s 26
f 715/955/1154 714/803/1153 611/806/1156 610/963/1155
s 35
f 583/769/1252 716/766/1227 715/804/1230 610/805/1253
s 22
f 717/767/1114 716/766/1113 583/769/1116 582/768/1115
s 7
f 718/696/1002 717/767/1203 582/768/1219 539/830/1222
f 719/688/994 718/696/1002 539/830/1222 538/875/1381
f 720/689/995 719/688/994 538/875/1381 537/878/1382
f 721/691/997 720/689/995 537/878/1382 536/827/1215
f 722/772/1206 721/691/997 536/827/1215 586/775/1218
s 23
f 723/953/1122 722/772/1121 586/775/1124 587/968/1123
s 37
f 708/809/1235 723/773/1234 587/774/1247 617/812/1250
s 28
f 725/822/1174 724/821/1173 625/764/1383 624/920/1384
s 2
f 560/732/1385 726/667/973 725/822/1189 624/920/1386
f 727/668/974 726/667/973 560/732/1385 561/928/1387
f 728/670/976 727/668/974 561/928/1387 562/927/1388
f 563/736/1389 729/671/977 728/670/976 562/927/1388
f 730/800/1190 729/671/977 563/736/1389 626/738/1390
s 26
f 731/951/1150 730/800/1149 626/738/1391 627/964/1392
s 35
f 602/831/1393 732/790/1245 731/801/1246 627/832/1394
s 22
f 733/791/1140 732/790/1139 602/831/1395 603/922/1396
s 7
f 734/707/1013 733/791/1214 603/922/1397 527/735/1398
f 527/735/1398 518/931/1399 735/706/1012 734/707/1013
f 736/702/1008 735/706/1012 518/931/1399 516/932/1400
f 737/703/1009 736/702/1008 516/932/1400 531/729/1401
f 531/729/1401 601/762/1402 738/792/1213 737/703/1009
s 23
f 739/949/1142 738/792/1141 601/762/1403 600/966/1404
s 37
f 724/821/1244 739/793/1243 600/761/1405 625/764/1406
